af7f46a1-b25a-48f4-88db-24438adf3bb2,38.890813,-77.015367,85,08072019-11:59:48
fe439b89-4955-4471-956b-c0588920bffe,38.896108,-77.017257,83,08072019-11:59:48
d047fb6e-12b8-44c9-b037-49cae0777ba2,38.903559,-77.021173,83,08072019-11:59:48
fdd148b1-aaa3-42ec-bbe5-1ecad2aba926,38.944072,-77.024151,84,08072019-11:59:48
d13b8895-4bb3-4902-b95a-854575139e89,38.941734,-77.067297,65,08072019-11:59:48
10661442-3adc-4c7e-a7cd-94e16d5c1ff7,38.924613,-77.052395,95,08072019-11:59:48
9c2a217b-0871-4a1c-986e-282d2cb7957e,38.922831,-77.052662,70,08072019-11:59:48
63b75994-c5ed-46fb-b151-237ca6109121,38.937233,-77.024146,66,08072019-11:59:48
7088d1ff-cb30-4b35-a7a9-d2b5c8ba40b6,38.895347,-77.034166,84,08072019-11:59:48
1f75d635-adb1-41d4-9638-7a609aadf7c8,38.898474,-77.031866,99,08072019-11:59:48
9b7ee679-a3dd-4146-9bf3-662443d2754f,38.898218,-77.031822,67,08072019-11:59:48
76c87538-6fdb-4e3a-89cc-1a5beb7211ea,38.898078,-77.03276,68,08072019-11:59:48
16dbcb61-e939-4c8b-bb6d-b32aa9476aca,38.89821,-77.032957,97,08072019-11:59:48
afb8a1b2-9ec0-4548-9023-806a446d803c,38.899555,-77.033869,83,08072019-11:59:48
171cdb84-da0d-41b6-b83a-42048b0df18e,38.899385,-77.028547,100,08072019-11:59:48
89343fab-364c-4bcc-83b8-9ef3801a0e70,38.899646,-77.026662,94,08072019-11:59:48
c4b42e95-52c3-4992-a03e-e6808a5bdc8d,38.892585,-77.021821,76,08072019-11:59:48
34d4e25f-4795-4176-829d-5f749bbe4dec,38.924769,-77.052183,100,08072019-11:59:48
9720e7da-78c3-4373-9838-a0ab3c439531,38.909618,-77.021822,99,08072019-11:59:48
e1b53c3f-8ad6-4eeb-9808-a9728124b380,38.924873,-77.032738,83,08072019-11:59:48
72be7b94-064f-40b4-b07d-235a04e59b43,38.918021,-77.036397,100,08072019-11:59:48
3dbce447-fe9d-4795-b5f9-5c3f868c55f1,38.908567,-76.99791,93,08072019-11:59:48
84142d62-9fe1-46a6-9f8c-d2d6aea6bbc8,38.907954,-76.99865,70,08072019-11:59:48
a37b733a-0886-444c-b53d-eec852e2e0b0,38.935836,-77.028388,67,08072019-11:59:48
83ecd0ee-0ac6-4867-9296-589b53f6108e,38.924713,-77.043641,73,08072019-11:59:48
777e95d9-ce64-4777-a8ee-1161e5f481d4,38.936097,-77.029083,71,08072019-11:59:48
300badda-217b-4fbd-bac1-d0c76684faca,38.883803,-77.006887,66,08072019-11:59:48
ec491918-68d1-459a-a066-04d5e01c82ac,38.919061,-77.034366,68,08072019-11:59:48
165e05d1-e64c-43e9-aba2-02fe8701a686,38.909548,-77.032111,57,08072019-11:59:48
657867ec-b0b4-4729-a82f-e842a3bc7014,38.885812,-77.03342,92,08072019-11:59:48
c22ab16d-9714-4c60-a147-2b3188733fab,38.913208,-77.0319,51,08072019-11:59:48
b56c76ad-17c6-43ab-928e-3a66f0a75491,38.907706,-77.030986,99,08072019-11:59:48
f1629a70-ce8b-416b-8024-510528b89fd2,38.885854,-77.03338,81,08072019-11:59:48
a6bcab12-6723-4286-bc51-56e142313f46,38.917197,-77.028828,40,08072019-11:59:48
ea6e5c0f-5f67-4141-b819-aa6cf3e752ca,38.878393,-77.023191,94,08072019-11:59:48
38ad0847-a564-4e8f-97ad-1bcf69163a15,38.892234,-77.033376,100,08072019-11:59:48
bd2954ad-7638-4e6f-9935-ea5954bcd999,38.924763,-77.02242,74,08072019-11:59:48
520dc83b-bca6-4b4e-967f-25fc57af4361,38.902595407044714,-77.03781881858752,100,08072019-11:59:48
75e8b396-362e-4acd-9498-68b87a4820c7,38.892213,-77.02832,100,08072019-11:59:48
79201224-44ff-4253-9c4b-15a75dd84b35,38.892249,-77.028289,100,08072019-11:59:48
5e81f33e-86a8-4a4c-a3b7-44e9ae292477,38.892831,-77.028458,88,08072019-11:59:48
0336ecc3-9b4d-4450-9a1d-d5bccd666838,38.915815,-77.046281,78,08072019-11:59:48
05e0f05e-d0f1-48ae-9ce2-a6dd07883262,38.922389,-77.041386,69,08072019-11:59:48
59e9b726-03e9-49af-ae27-16d5b9a13947,38.90374,-77.034943,100,08072019-11:59:48
caa05384-7d43-4db3-94da-260fbbcd09f1,38.929343,-76.999164,68,08072019-11:59:48
8e39e68a-e42e-468e-9663-6dcfac8ead45,38.904915,-77.06803,67,08072019-11:59:48
b06c0086-100d-47ad-89a1-8caf593d99cb,38.905455,-77.059067,86,08072019-11:59:48
2134e012-50cc-49ad-a041-69ad6404b0ed,38.903232,-77.019387,85,08072019-11:59:48
5232680d-932a-4da8-b7c2-7c127194676e,38.887739,-77.010129,83,08072019-11:59:48
2c760dad-d07f-4e1b-b7bc-565b44a7cc27,38.902461,-77.029915,57,08072019-11:59:48
407880fe-0574-48f4-96f3-778c55326847,38.903223,-77.022183,69,08072019-11:59:48
96ca508e-998d-4f32-8673-b8814376b9c1,38.902216,-77.021857,92,08072019-11:59:48
e9673400-7c14-4f0d-8888-e9a2afda99ef,38.902236,-77.021902,82,08072019-11:59:48
75a995c1-2342-4420-98c3-e4a99117f6c2,38.900595,-77.035777,58,08072019-11:59:48
252ad6e0-d2b4-4869-8892-3a2a559bc0d8,38.903906,-77.018959,90,08072019-11:59:48
467ed958-a621-40d4-b560-1efa7c6c9675,38.894936,-77.026597,84,08072019-11:59:48
caef6e3f-4d02-45a1-bc08-20498d533bfe,38.893967,-77.028593,49,08072019-11:59:48
15dec373-67e5-4f32-b0bc-5dd147313018,38.89975649618379,-77.01982119705455,100,08072019-11:59:48
c7580990-927b-4723-9225-25bdbbcad63a,38.903875,-77.018939,87,08072019-11:59:48
da9f1101-5113-4293-a319-89114f171ded,38.895955,-77.005607,88,08072019-11:59:48
c6e7364c-f2cc-4a54-8d0a-631815790f5b,38.902543,-77.002196,71,08072019-11:59:48
3e762ff4-52e0-46d4-a14a-3171ba087213,38.903592,-77.038618,81,08072019-11:59:48
3db67845-2e2c-40be-bfd1-be0ee524d3f4,38.935826,-77.055779,65,08072019-11:59:48
f6091648-b8fd-4afe-8314-fe6e69757e28,38.902388,-77.034784,53,08072019-11:59:48
82535627-0998-4faa-ba4c-7aa58750d40a,38.909592,-77.021921,100,08072019-11:59:48
e9515de5-5f1a-4458-90ae-6913bc143376,38.886506,-77.028352,100,08072019-11:59:48
917d40f3-9388-4598-9648-c68e534a0866,38.892073,-77.032135,100,08072019-11:59:48
d623e882-cc79-4cc4-8e2d-89d0d29a8904,38.916446,-77.046189,75,08072019-11:59:48
acffc60c-c0bd-41dc-a90c-16421bd659f3,38.904864,-77.040643,68,08072019-11:59:48
dfb57e27-ef77-479d-a2d1-bc34cb5e986c,38.912119,-77.044998,79,08072019-11:59:48
8b525be9-806f-4398-81e4-9c39e6742916,38.905302,-77.036632,98,08072019-11:59:48
fefdea03-a40a-43ea-b53d-57a74d1d0fb0,38.904505,-77.041049,67,08072019-11:59:48
023e0900-2570-4f49-9202-3047aecc571e,38.913852,-77.040314,37,08072019-11:59:48
266d4179-062e-44a2-b9ce-f3e7a8d06c5b,38.89639182019876,-77.0257978421422,52,08072019-11:59:48
8add9acf-5e7e-47a7-9b2b-99ea799d1f65,38.884133,-77.029912,53,08072019-11:59:48
9fa39519-ce80-443f-8b05-395b4b66e4f8,38.901933,-77.042612,72,08072019-11:59:48
ec04982a-da29-441a-b375-1b0a5b264b61,38.902101,-77.047324,73,08072019-11:59:48
a8aa7a4d-9ed1-45b2-b7f8-67228876d2da,38.892075,-77.028277,100,08072019-11:59:48
5cd7ca55-1687-413c-a362-3e4874a651cd,38.89221940220962,-77.02852138395592,92,08072019-11:59:48
79d9f240-b9c5-40c8-bbee-2deaa6d7d0f8,38.897511,-77.027962,46,08072019-11:59:48
2113a37e-e132-4a3a-be62-d9985f9a9b05,38.898162,-77.046335,66,08072019-11:59:48
e1495beb-e01e-499b-8147-10673a217e69,38.89832,-77.046183,91,08072019-11:59:48
d3c3529d-c4d4-48ac-b65d-a291e4d40757,38.903934,-77.018847,79,08072019-11:59:48
37ffff53-4409-4a94-8761-df301b10c3a9,38.90368,-77.019162,83,08072019-11:59:48
29cdc0b1-b169-44db-a2d9-1367b203151d,38.892174,-77.031752,82,08072019-11:59:48
7277e4ba-ac04-4b1f-af8f-c1fc6c202a1e,38.898768,-77.040094,62,08072019-11:59:48
85c0b936-cba7-4a1e-acdd-88dde9bba4be,38.899528,-77.040029,94,08072019-11:59:48
96284245-80e6-4ec0-aac3-09aef2eca880,38.899545,-77.039267,100,08072019-11:59:48
700957c2-fd5d-4739-814c-55624d8654fd,38.925368,-77.025826,66,08072019-11:59:48
cbbc683d-1a22-402f-a791-dbb53a73c812,38.899546,-77.052901,100,08072019-11:59:48
9833595e-940a-479e-8e96-0d7025a37938,38.899442,-77.048689,44,08072019-11:59:48
93bf7d10-dab5-428d-820b-1f4e3dca469f,38.899293,-77.040218,73,08072019-11:59:48
669c7896-d007-4fa3-bcfa-f32c67e3ddc1,38.903968,-77.041669,100,08072019-11:59:48
65dea642-51c7-4eed-996f-c73f55177ea2,38.899177,-77.040648,95,08072019-11:59:48
02ca2d35-0f76-49d6-9465-19f19fd3675a,38.92446,-77.052431,72,08072019-11:59:48
b15f0862-3a08-4c41-ab90-5df623b5d92d,38.896949,-77.006507,82,08072019-11:59:48
b6fcd2b4-7b8e-4188-91e9-4e5a2b0f23b5,38.89014554213629,-77.02783263295612,97,08072019-11:59:48
440fe6b6-f002-456a-8dcc-fdbf70f3fff0,38.90499,-77.032715,71,08072019-11:59:48
f64771be-df50-4f41-99d0-9a80d0fcddb5,38.904243,-77.031871,93,08072019-11:59:48
8a1d4b49-804b-4160-8d4f-74231af0bd0c,38.90493,-77.035013,47,08072019-11:59:48
08e14fa2-2759-4cdc-8088-2116d7a8bb4d,38.903836,-77.06131,32,08072019-11:59:48
fb7bcf1d-85ac-4753-98ae-ac55e293c614,38.89823,-77.022336,86,08072019-11:59:48
3b0fc2d2-c6ee-42cc-bbbb-ed4f7eb86466,38.894487,-77.024109,60,08072019-11:59:48
bbb5e7d3-3998-41b4-9a0c-c56c3173fa63,38.896924,-77.024117,92,08072019-11:59:48
22dcd0da-bf3c-43d7-8ac4-eb1cd1388434,38.899745,-77.028127,100,08072019-11:59:48
df0ad3a0-47b4-46fa-bb8a-86a5e200abad,38.900343,-77.032038,64,08072019-11:59:48
2c8544a9-8cad-4a5c-9640-e67f265be4ea,38.902399,-77.043622,83,08072019-11:59:48
eeb4cc14-4197-4081-8b65-842744809c52,38.893887,-77.021637,47,08072019-11:59:48
2fb2efa6-aa0d-416b-910a-1ad87b95dee5,38.898242,-77.031789,58,08072019-11:59:48
757b2142-8a5e-46cb-9ec8-d3a23c8b2809,38.894031,-77.021561,66,08072019-11:59:48
9449f992-1444-4a45-8547-43093a513039,38.898544,-77.039675,88,08072019-11:59:48
9820d3d6-bc6b-417d-ae44-88de8f4a5f03,38.880557,-77.025721,66,08072019-11:59:48
835a6dd5-5bf6-4be7-b213-364350e7fa62,38.887327,-77.02861,88,08072019-11:59:48
14b1a097-454f-4f24-b85c-cc3118c32317,38.892207,-77.048743,100,08072019-11:59:48
107baa76-75f1-48a9-a5dd-f2a6549164d8,38.892354,-77.02159,92,08072019-11:59:48
86f8012f-8d29-44f7-a8cc-b0b9898eeace,38.892243544351224,-77.02839368024912,92,08072019-11:59:48
1e9c70d0-2e30-43c4-afc6-5d1250122668,38.90243,-77.028201,97,08072019-11:59:48
972a32ac-ad40-4174-ba10-8a2cfa7354e7,38.902149,-77.034152,67,08072019-11:59:48
4554d5d3-beb4-4695-81a8-37b11d8e05f7,38.898727,-77.035078,81,08072019-11:59:48
b2e9518d-298f-487a-af10-209848b5a098,38.909371,-77.034674,97,08072019-11:59:48
9b64d5a7-6450-4148-bff8-263c6f6c8b1a,38.895564,-77.044662,96,08072019-11:59:48
b584bf00-b090-4bef-b346-d2614e064ed5,38.920687,-77.031745,95,08072019-11:59:48
3a4644ff-281c-4723-9979-6428870eb400,38.892272072880424,-77.03340064741394,100,08072019-11:59:48
aae01e98-9831-4e8d-9d7f-6bc528c60a0d,38.910789464002924,-77.0208946192456,87,08072019-11:59:48
fdb6a523-9308-43dc-b8d8-395d0f5cab7f,38.910301,-77.020193,75,08072019-11:59:48
bfb63e40-627c-403f-b7e2-02cb4a6e65d1,38.909929,-77.021952,100,08072019-11:59:48
6a049f50-d5b1-4c2b-ab31-6a629c473ee2,38.920891,-77.02322,90,08072019-11:59:48
75f76c59-0726-4168-864e-d17df915b0a0,38.901145,-77.039741,59,08072019-11:59:48
3506ec77-c78c-4e65-9d0c-55204f905baa,38.901244,-77.040507,100,08072019-11:59:48
182621cc-ee6e-4fdd-92d3-64b5823f8bcd,38.901102,-77.045454,79,08072019-11:59:48
a5f20719-2fd9-4695-b191-179b73a72bc5,38.8969067,-77.0240565,94,08072019-11:59:48
7592001f-52b9-40a7-9517-adeba61e6aff,38.896723,-77.024124,91,08072019-11:59:48
f21e434c-bc47-478d-8f02-1aee3834e133,38.899397,-77.018707,82,08072019-11:59:48
45d1c369-030b-48b1-9ed8-154df7a34435,38.923475,-77.02138,93,08072019-11:59:48
527255df-3954-427b-816a-27819226b73c,38.893433,-77.045794,70,08072019-11:59:48
deba22d1-c5e6-4101-a0e7-265e116512f3,38.900163,-77.015989,89,08072019-11:59:48
bc94c4e4-5304-44b1-b664-34214846bf69,38.946109,-77.030806,99,08072019-11:59:48
3b94eae1-3263-4282-922c-282a5734c730,38.903366,-77.031105,97,08072019-11:59:48
4529be99-3262-4bca-9bba-cbf66fd9b249,38.904455,-77.031495,50,08072019-11:59:48
5665e60c-d626-484f-97c0-c81bd61b772c,38.891939,-77.02205,87,08072019-11:59:48
4693c3ac-f927-4c1f-8db2-6bbe0ea7273c,38.892179,-77.022108,98,08072019-11:59:48
18e52408-005e-456c-863b-224fb3972819,38.91039,-77.043935,98,08072019-11:59:48
99bdff11-082a-40ae-81ae-c04524427b15,38.915015,-77.043227,97,08072019-11:59:48
1fcfa668-99c5-4aab-8586-4d2e0d32f160,38.90147,-77.027697,99,08072019-11:59:48
a593b326-ee29-425b-a10c-133283961242,38.887319,-77.002077,46,08072019-11:59:48
2091dcc2-30d3-447a-a2ab-4d59265ac434,38.916353,-77.032128,78,08072019-11:59:48
92aebb7d-bae8-4c14-a8d3-f209774b3c7e,38.91700585391905,-77.03368052670994,100,08072019-11:59:48
8176e8d8-bb03-4ad6-87b0-0ae91442bf8f,38.916956,-77.034143,52,08072019-11:59:48
4935c2ca-66e7-40e6-abed-a0f5a591ebb4,38.874949235505305,-77.0015288796993,51,08072019-11:59:48
a27c28f9-4e87-41fb-ba40-32119e60a691,38.908826,-76.989781,90,08072019-11:59:48
49ae5947-4558-4556-aaa5-aa71949c2a6d,38.905163,-77.059713,92,08072019-11:59:48
4ef1eec1-fe0e-4b94-8d3f-3fb7c6eb2002,38.908367,-77.032888,58,08072019-11:59:48
05d3ac9b-ceec-4587-8e66-c42573e90615,38.901099,-77.036345,94,08072019-11:59:48
e8fc37ae-ac7e-46d4-b921-f3af478f5e34,38.920343,-77.031751,100,08072019-11:59:48
5e9f8823-981c-4bcf-845f-1849e1c3b340,38.910426,-77.037405,81,08072019-11:59:48
f006151e-e8d5-49cd-a100-b3d82d2573ec,38.908063,-76.993023,77,08072019-11:59:48
e4061f26-bb3c-4035-ad8c-92ca692c0529,38.91068,-77.004834,98,08072019-11:59:48
2c9c9b8e-eb2c-4851-9f52-eeef2d9f2b25,38.908284,-77.0035,100,08072019-11:59:48
38e7f3a2-9018-444b-a059-fc3e0421d3d9,38.911075,-77.003244,69,08072019-11:59:48
cde437a1-9562-4c2a-984e-0f338bc68ffe,38.940234,-77.025193,99,08072019-11:59:48
b54d2168-c479-4913-9ca8-62bf2c041778,38.915211,-76.983799,80,08072019-11:59:48
c2f480db-c034-415c-8c66-9449dda09b83,38.895482,-76.949148,100,08072019-11:59:48
946610d3-90df-44b9-b563-63b4c8ebd598,38.892183,-77.027577,80,08072019-11:59:48
71ea7434-2fe1-450c-9c76-aded0de34cfe,38.903924,-77.034392,94,08072019-11:59:48
23074cea-2298-4c73-83f3-ec89ffbfac8c,38.904281,-77.034476,100,08072019-11:59:48
a8388394-a709-4557-b963-de1b61fdb41d,38.893416,-77.028316,70,08072019-11:59:48
421767f2-5aa6-41cd-a4a3-25ad724ad489,38.894826,-77.025856,83,08072019-11:59:48
0bc410fb-6ea9-4543-a646-8da79ff6517d,38.892018,-77.032068,100,08072019-11:59:48
179c299c-3e39-421d-8c51-dd8faa6fc1e7,38.906596,-77.051298,100,08072019-11:59:48
8546fb26-207a-4563-9e0a-e52fae6ade34,38.911097,-77.043713,96,08072019-11:59:48
45f766cb-a153-44f4-b1d3-cf205746b8a9,38.915956,-77.045435,81,08072019-11:59:48
fdb932d0-3e70-4e37-8bc7-ad4e8a2a39a1,38.909664,-77.039296,87,08072019-11:59:48
31cf2c1e-990d-40df-9813-958a792a0821,38.904265,-77.040656,70,08072019-11:59:48
38193d75-7075-4e90-8fd0-33c9f1ccb2de,38.910661,-77.004849,100,08072019-11:59:48
e8129aaf-e7a7-4b9f-8713-dd90bd3c6312,38.872712,-76.983308,73,08072019-11:59:48
bc3a66c5-6812-4f05-8b35-e7171e88673d,38.918836,-77.037694,42,08072019-11:59:48
06484158-d350-4b38-a674-a7001eb5dd93,38.923791,-77.036568,94,08072019-11:59:48
ac167c83-20ab-4edc-b823-4ed82ab67e75,38.905006,-77.036372,66,08072019-11:59:48
7695441c-5e15-4cbf-a66f-2940ef6b89f5,38.908557,-77.03633,66,08072019-11:59:48
4aa45d8e-9763-429a-8d85-6d0da47b3732,38.903936,-77.038327,100,08072019-11:59:48
c6ef53e7-edf3-48aa-a6fb-b281c2a118e5,38.906321,-77.039309,66,08072019-11:59:48
02e5245d-3d19-454e-bada-d0492742a0e1,38.89821,-77.048946,100,08072019-11:59:48
2a7d4114-2025-4b01-85ac-945ee3ae57d6,38.905526,-77.043378,85,08072019-11:59:48
8629d643-ded1-4577-83f6-1d0ba47194c7,38.903571,-77.044817,79,08072019-11:59:48
0a07804a-0f54-4587-817c-0c8b2a956e36,38.898074,-77.048986,100,08072019-11:59:48
1686f8b3-f12b-4434-a36d-6c26aa69339d,38.900487,-77.03816,98,08072019-11:59:48
c0bbbb98-d3fa-4da1-871b-0dc2ffe4537e,38.905738,-77.041209,84,08072019-11:59:48
835c4e5d-04f8-4804-ad59-7936cb41337c,38.904451,-77.02874,82,08072019-11:59:48
36a7a60b-66a9-4129-8d1f-5852e13520da,38.903758339620104,-77.03188394203505,69,08072019-11:59:48
af33406b-f509-41e8-a5e3-7901ca9f37ca,38.90257,-77.03266,88,08072019-11:59:48
78412f06-63ad-4dc3-b611-9bc9ea81799e,38.899478,-77.032497,100,08072019-11:59:48
26f18047-b37b-440b-8672-dddb7b3c941f,38.892166,-77.028315,100,08072019-11:59:48
3742ffee-17b0-4864-9c50-b0f5c1b230be,38.903599,-77.03496,100,08072019-11:59:48
13996907-7457-48cc-ab74-331d1f5e2fc8,38.903787,-77.034474,100,08072019-11:59:48
9aa3a0f1-a707-4ca2-9b2c-912ed2580971,38.905225,-77.034464,100,08072019-11:59:48
58dc0398-e090-4136-baa2-ebc89d7e814d,38.890777,-77.015343,81,08072019-11:59:48
ae746e79-2922-441d-9541-2300eb4f4c14,38.900846,-77.033617,98,08072019-11:59:48
fd4e4008-d160-4e66-8f0a-8ea0433ee45a,38.900191,-77.033286,49,08072019-11:59:48
83627b7f-7327-4f26-be1d-98f8167c20cf,38.904468,-77.037557,77,08072019-11:59:48
158e0115-9c8f-4379-913e-46f9b8b02c23,38.899836,-77.022483,45,08072019-11:59:48
a0da43ac-b3f2-43be-8574-7dd8f454bfad,38.89214825883205,-77.04999389891925,100,08072019-11:59:48
8e04745a-3520-4aa7-906e-25d9efe5414a,38.899178,-77.038826,59,08072019-11:59:48
b7fc0eef-c18e-49d1-9c62-33dce9712704,38.903324,-77.043206,89,08072019-11:59:48
120f38ef-5816-4385-a21c-fc9b260d1ad5,38.902107,-77.041755,91,08072019-11:59:48
16b7e1b8-a873-4b66-a22a-6ea2634d23b1,38.901932,-77.041559,100,08072019-11:59:48
02fad0cc-dcba-4a69-9a07-b11c66a3a4c3,38.902432,-77.046933,100,08072019-11:59:48
3e26cb15-9608-4d68-befd-7275148ef202,38.903366,-77.043488,69,08072019-11:59:48
30380959-10b8-41f3-8a04-477b9a18f2cd,38.903526,-77.043405,100,08072019-11:59:48
ebea0f9f-c397-4082-a6d4-9ba32e08c71d,38.891167205225955,-77.01707775481012,96,08072019-11:59:48
bec7ed8c-3566-4e37-8adc-04f2a3426ceb,38.899133,-77.048134,96,08072019-11:59:48
fd11c65c-0a85-4cfe-84a4-5dab2ac7d1c5,38.899062,-77.049813,73,08072019-11:59:48
fe7a14cb-5aa2-47a8-adbf-c2197fe370a1,38.899695,-77.052983,100,08072019-11:59:48
4a536526-d7ec-4924-9211-8a3107c1cfcb,38.895465,-77.041922,62,08072019-11:59:48
cd1afa69-43d4-49b0-86d5-88969a07ed04,38.896121,-77.045959,100,08072019-11:59:48
eff6ecc5-889a-41ce-a6b7-89787dd5fc76,38.900733,-77.051151,60,08072019-11:59:48
cf74583e-3c88-44a4-aede-2086d43c9286,38.905946,-77.04198,85,08072019-11:59:48
2be8c3ce-a2b4-456a-ae7b-ea79eafbb28c,38.909222,-77.043203,94,08072019-11:59:48
d6fe1f43-bde9-4767-97e3-976bdb0e8ead,38.902576,-77.021491,76,08072019-11:59:48
72f42546-d5d9-4a65-a7a5-7cbbaaaeffa1,38.898648,-77.022028,91,08072019-11:59:48
d07b3356-9df8-418c-9b81-a26ff60e0e2d,38.901873,-77.022109,99,08072019-11:59:48
4a9cb94c-2b5b-4ff0-9302-b0a0e11f9383,38.902701,-77.02829,100,08072019-11:59:48
f27c96f2-fc3f-4782-8864-79837c5bc658,38.901975,-77.02789,57,08072019-11:59:48
597f71d0-ad5c-4cd1-82d8-be571f15f37d,38.898136,-77.030125,95,08072019-11:59:48
13523cb8-fa2c-4b8e-bcac-fc840d8cea23,38.903617,-77.03224,43,08072019-11:59:48
5e3aee87-bf8f-48d6-ad9f-0f1843729861,38.902492,-77.016713,89,08072019-11:59:48
5ae62bd5-2654-482d-bd98-49323b2ca283,38.902651,-77.034443,62,08072019-11:59:48
27780e28-d0d7-4c04-a758-16da1493920c,38.893925,-77.046736,87,08072019-11:59:48
08f588bf-bdf6-471b-ba9a-f70c471133ea,38.8939315,-77.0456477,69,08072019-11:59:48
5249b10f-cc8c-47f7-b746-7037c67cb811,38.901275,-77.045992,88,08072019-11:59:48
b7709253-8a63-43ca-a67e-1aa98adf04a2,38.897901,-77.033968,100,08072019-11:59:48
88920c8b-17c9-43a1-891d-144a5c0860b5,38.907175,-77.042823,74,08072019-11:59:48
54613b0f-225c-4fd7-bb88-4b60ca0222c7,38.89634,-77.029552,81,08072019-11:59:48
6eb7dc59-99be-4e35-ba73-af29d39e88f5,38.894852,-77.03133,60,08072019-11:59:48
116eec17-afa6-4c32-ac65-80af7cd4bec0,38.91031,-76.997111,62,08072019-11:59:48
14e50a0d-c5bd-487e-8ced-4ad4f0cb8490,38.89227,-77.022029,33,08072019-11:59:48
355a9d84-138f-43ef-b38e-656ae1b6bc96,38.905697,-77.044848,63,08072019-11:59:48
77be5b24-76c9-4b95-83d8-7bcc89a9446c,38.897339,-77.024049,92,08072019-11:59:48
306e4a08-da74-4ce8-b968-ab3dd705e8aa,38.907272,-77.030557,80,08072019-11:59:48
5f8400f6-0aca-45e7-b7c8-ac8a626d361b,38.899465,-77.040141,84,08072019-11:59:48
8fadb1a8-559e-4e6d-bc2b-e1e7babba8a3,38.893952,-77.028739,45,08072019-11:59:48
1403fcb6-9996-46a2-9ba9-03c05ff75f8a,38.904978,-76.978297,81,08072019-11:59:48
5acc8bab-dd0a-45d1-b3c4-eac771a5bb96,38.892351,-77.050413,97,08072019-11:59:48
8fe713c6-37ea-45c0-b62a-a6611dd7beb7,38.892961,-77.041871,98,08072019-11:59:48
79e42dab-75f2-4675-9174-170ef9bb56b2,38.892296,-77.046539,95,08072019-11:59:48
97dddb09-3b50-4312-a1d8-4decfb77ca43,38.892245,-77.046579,54,08072019-11:59:48
4d0b7136-efb4-433b-bdfe-bdb143831c14,38.892803,-77.046779,99,08072019-11:59:48
79ec0774-6afc-40f8-91f0-140f2301b54d,38.88658025771276,-77.03754859983646,47,08072019-11:59:48
ba3754ed-c20c-4a01-81a1-82056a4bf05f,38.892203,-77.03339,98,08072019-11:59:48
80b73b8a-416b-40f8-ba3d-30585f8c9128,38.891743,-77.00363,91,08072019-11:59:48
68db2b47-0ba5-4c7a-ba68-4144d65c1fd5,38.906264,-76.987161,87,08072019-11:59:48
f2e721b5-80dd-4950-9c7a-a0b7f7376bc8,38.891939,-77.022051,97,08072019-11:59:48
8926013b-f00b-44be-9811-3b777f98943a,38.903755,-77.038706,100,08072019-11:59:48
b4147a89-1925-4f07-b7c8-61842a9c6199,38.89088749749183,-76.92389284147474,68,08072019-11:59:48
3b967e54-520c-44df-9d6e-f8efbe6963ab,38.894236,-77.018972,73,08072019-11:59:48
3aea5530-8843-4d29-a5fe-5c94b5cf0bf4,38.87984,-77.024229,100,08072019-11:59:48
52d3f2f4-fe33-42e1-84c7-bb9d37478462,38.903956,-77.062833,76,08072019-11:59:48
7dc36cac-6cf5-4488-88ea-20660f8d6ca9,38.89813,-77.039544,58,08072019-11:59:48
98eba3ff-a86a-46e8-af93-96ee74242127,38.900293,-77.038314,94,08072019-11:59:48
fe04329a-f3d3-4ed2-bfbc-0e9088251ac5,38.893696,-77.050285,63,08072019-11:59:48
c26ccb04-a470-413b-9c96-e0775a55754c,38.891989,-77.050466,94,08072019-11:59:48
994713c1-2a88-432b-8666-92fbab36c2f3,38.889359,-76.930062,76,08072019-11:59:48
a8ad6bfb-1bfa-454f-bfcc-773e63818bef,38.902031,-77.047274,96,08072019-11:59:48
13d310cd-6d66-4fa0-86d3-b05f8a91ab94,38.900752,-77.046458,66,08072019-11:59:48
d5cc9051-941a-49d0-8856-6fd0abe27211,38.905559,-77.045793,97,08072019-11:59:48
a3243405-b0bb-42de-b89f-0766a44087cf,38.907468,-77.074366,57,08072019-11:59:48
d5a0e9b4-70e6-49a3-ac82-8e2a95cacc7c,38.880755,-76.99548,95,08072019-11:59:48
65988de8-71c9-43aa-b228-1e632a107843,38.902262,-77.03128,100,08072019-11:59:48
f3753bac-4894-4382-9974-d5fab78a6099,38.902392,-77.029848,100,08072019-11:59:48
c23a830a-2284-44f5-8a6f-102ce9e9cbb4,38.886672099220114,-77.00135952973437,64,08072019-11:59:48
19c5b90f-b80b-4abd-8fd0-0c5106fc161d,38.903115,-77.029739,73,08072019-11:59:48
f75c3f6c-9737-47e2-ab97-d8669b9b11e2,38.902305,-77.029775,100,08072019-11:59:48
566e0e61-f636-4f6e-a5aa-2461eb67c334,38.881238,-76.985185,65,08072019-11:59:48
c5c8a679-a74c-4c6a-9e35-034858d0cfb9,38.874656,-76.961152,81,08072019-11:59:48
1452eb8f-9085-4050-b7d1-94bc1ee5eef0,38.909041,-77.072873,89,08072019-11:59:48
e4b47be9-5c15-4bb6-83f2-0f1514b62dd3,38.905195,-77.054171,93,08072019-11:59:48
f1e03fed-2e1b-4f03-95a1-92d93e177149,38.884335,-77.023831,99,08072019-11:59:48
028eb19b-9916-4ba2-97b0-dfa53096f31b,38.883895,-77.008293,57,08072019-11:59:48
08d52f78-0d73-41fe-8772-22fd66895433,38.923708,-77.041036,75,08072019-11:59:48
c0a5b55a-6949-4967-80e4-25af930a5845,38.903787,-77.038138,80,08072019-11:59:48
68f71f0a-4105-4637-8a7f-1d4e5763be13,38.90759,-77.030752,94,08072019-11:59:48
c043fbe2-0f80-4b26-aca9-06b2ef4ef8c2,38.909679,-77.07343,83,08072019-11:59:48
46da26fd-34f6-47cc-88fe-c18a13de52dc,38.911663,-77.084326,66,08072019-11:59:48
59bb1873-beb5-45c1-8b53-5ea1076dbf7d,38.892849,-77.041807,75,08072019-11:59:48
aa726b8b-7728-41b8-aa62-a0523353eaed,38.8869143,-77.038281,59,08072019-11:59:48
eeb4c250-3857-4b61-8c54-6c5c94f22d89,38.899244,-77.040371,59,08072019-11:59:48
abd846e8-4c66-40c1-bf90-de7e5a5f8a3f,38.898382,-77.04068,99,08072019-11:59:48
e06e4b04-b54c-4fd7-ba8a-c0b79b1412c1,38.898723333333336,-77.04062666666667,66,08072019-11:59:48
1c0e9b26-7c3a-4d86-9a71-f23a283ef1f3,38.917846,-77.042591,55,08072019-11:59:48
7eaa68fb-111d-4461-a1cc-b889353bfb4e,38.905665,-77.038799,70,08072019-11:59:48
7f125a74-3383-4254-b6ad-3c482a25ba36,38.905549,-77.038896,65,08072019-11:59:48
1894fdb1-b2a7-4945-9e8a-971725c89740,38.904731,-77.041848,71,08072019-11:59:48
b50a4a91-d16e-46ab-896d-83da59b194d5,38.906427,-77.041475,66,08072019-11:59:48
8e8532c2-9eba-40b6-a6c0-356157ded669,38.902418,-77.039637,91,08072019-11:59:48
a2fc7844-1777-4614-96fe-44b69eb7e63d,38.901562,-77.039789,99,08072019-11:59:48
245faf02-fd17-4763-bfc0-d24b365b2913,38.897242,-76.997637,100,08072019-11:59:48
c8fe27d1-f094-445f-8f81-792a6bd19dbc,38.896275,-77.017198,46,08072019-11:59:48
c72e3384-e5c4-408d-9f34-e5f4213d8faa,38.904511,-77.006801,57,08072019-11:59:48
f02360f1-fe05-48b9-8e55-667bbe1776c7,38.900785,-77.009312,72,08072019-11:59:48
c00f596b-c025-4d55-b997-8aab766dd196,38.897222,-77.009373,94,08072019-11:59:48
016778a4-c7df-4692-9512-0e0a69e73f18,38.906412,-77.006071,100,08072019-11:59:48
2b0867a8-a773-42ed-a235-475bf72ebbe2,38.901341,-77.002969,72,08072019-11:59:48
57572eac-3379-4266-a88b-94ef5dae22ea,38.916497,-77.0208,73,08072019-11:59:48
744a4273-4896-478b-8bc0-476bc445a289,38.928689,-77.0193,73,08072019-11:59:48
b6b5cd57-de79-4a16-abc0-c089bccd9486,38.905438,-77.008959,75,08072019-11:59:48
85d802d2-c35a-4a63-aea4-17f13cddd00b,38.902697,-77.017056,95,08072019-11:59:48
42744ae8-1476-4f3e-8d8a-7a42c992699b,38.90526280330789,-77.05167205992332,93,08072019-11:59:48
25b9967e-53e0-4b48-af3d-774cd4c09c3b,38.899355,-77.048833,100,08072019-11:59:48
44181fa9-bd2a-4881-bfc1-4640598a0f86,38.902670812451625,-77.0616823668852,73,08072019-11:59:48
0198adf2-55c1-426d-a74d-f444cbec50bb,38.904904,-77.066138,99,08072019-11:59:48
d5555c75-6b6e-48e7-bf34-67749188b038,38.904981,-77.068393,95,08072019-11:59:48
0ab07679-bafd-4d43-930d-11db63720b46,38.900409,-77.049511,100,08072019-11:59:48
d1a545f8-7749-466c-b718-1ecdfbfa4b5b,38.900226,-77.038727,100,08072019-11:59:48
21b19e72-b92f-4e82-a41b-7385fb23e945,38.892385,-77.049984,74,08072019-11:59:48
b76c316d-909c-406b-9bbb-7f1701d92637,38.892221,-77.050076,89,08072019-11:59:48
142c3c6e-56cf-4ef4-b1c5-0231d2ebf3f5,38.924733,-77.052327,100,08072019-11:59:48
8097420f-edad-4a84-90c0-84dee85691a5,38.906262,-77.041891,81,08072019-11:59:48
ff560bd9-8536-4c68-b526-8f1da6bd4391,38.903722,-77.038325,100,08072019-11:59:48
b4c6a632-3e0a-4c98-8ed6-38c1a8c125b2,38.901342,-77.02288,61,08072019-11:59:48
9b751a9c-93e2-414a-9e1c-e7b36c6ea199,38.879829,-77.024337,61,08072019-11:59:48
a3655e60-cf3d-4ea6-978a-a3d688df062a,38.893036,-77.019971,51,08072019-11:59:48
b8b7b33e-9bbd-445e-aadf-47c78de3de24,38.896817,-77.026262,41,08072019-11:59:48
dd0c3ea6-095e-4d36-b248-eef72ef3652d,38.900558,-77.023132,62,08072019-11:59:48
9fb07de4-c191-4ca2-bfdb-2cae0e606a59,38.912962,-77.036671,75,08072019-11:59:48
5deba0c3-0fd9-4c86-bef8-4950c71b9c66,38.905437,-77.033315,100,08072019-11:59:48
fdfed787-d8ff-45ad-b03a-73dd2f5c5635,38.902788,-77.033895,71,08072019-11:59:48
163856f8-7263-49a1-9902-a92a074c9080,38.89196070574121,-77.02413289374148,94,08072019-11:59:48
93c476ad-3c76-453d-8bd3-99a2ac0a01c0,38.894398,-77.022772,63,08072019-11:59:48
390c9319-008c-4642-838e-7099da0cc15f,38.901246,-77.041615,100,08072019-11:59:48
e80dab30-829c-4f19-a802-fe7ff5b61dcc,38.924295,-77.053314,76,08072019-11:59:48
9aadaf85-4d26-42c6-83a6-9d123262f202,38.89217589054153,-77.03340911313614,100,08072019-11:59:48
449dbd85-1f5d-4618-aae8-88028679dfc2,38.892272072880424,-77.03340064741394,100,08072019-11:59:48
1afcf366-1703-487d-b6e7-058e3c42e211,38.892282,-77.041545,67,08072019-11:59:48
f849ceaf-39f5-4993-84c2-d1ead1b16875,38.906603,-77.024948,94,08072019-11:59:48
cb167347-9513-4e91-92aa-12267aab4ba6,38.917829,-77.040837,98,08072019-11:59:48
272ce263-d1ae-419d-96bb-24e8c3405e95,38.910828,-77.021878,100,08072019-11:59:48
8e10daf3-71bf-41c0-977a-84907ec22663,38.904661,-77.045002,74,08072019-11:59:48
ba94ea1f-83a7-43d3-b172-22023576040d,38.92063,-77.021859,67,08072019-11:59:48
144be78a-c72c-4a04-bd40-ccffc76ead19,38.916549,-77.0209,100,08072019-11:59:48
f6302bbc-521b-42cb-9262-86b1d02689c1,38.929253,-77.023337,83,08072019-11:59:48
d33da166-7e3f-4507-b4ec-342f884efed9,38.921573,-77.04477,64,08072019-11:59:48
4693d940-cf4b-4dc1-915f-38d80726b8b8,38.900685,-77.02737,97,08072019-11:59:48
3a2502ca-4b79-4070-af6c-9c5c40fa9739,38.956089,-77.082529,75,08072019-11:59:48
8c9ef7a8-3810-45eb-8ce8-fd58f34d2430,38.902918,-77.039946,40,08072019-11:59:48
d24d2c8d-fa6a-41da-86fe-91bdd3307c56,38.905286,-77.041413,100,08072019-11:59:48
c4c1e160-ff03-437c-b713-cd71d4d2292c,38.902505,-77.032819,49,08072019-11:59:48
d8910473-ebe4-43ba-82ff-f5d595893fb4,38.90128,-77.032156,100,08072019-11:59:48
c81b43fd-ee0a-4611-a50b-ed73e39d5ee3,38.904343,-77.032838,62,08072019-11:59:48
33adcbae-e940-4388-9b87-9162848ce8ed,38.903688,-77.033055,35,08072019-11:59:48
2e568d14-5253-44c1-b1ed-66ed843c0155,38.929712,-77.055319,76,08072019-11:59:48
d73599a5-f704-4c33-b7e4-c7efc2ab57d1,38.902325,-77.034664,81,08072019-11:59:48
e19ae07e-dabe-4434-8eac-4485c5b62723,38.90178,-77.036792,88,08072019-11:59:48
c8756fb6-5299-4d2d-b541-68fe41c7ff87,38.898877,-77.034838,100,08072019-11:59:48
ce0fb291-49a2-4d1d-8322-8d26516fed15,38.901761,-77.04178,100,08072019-11:59:48
1029a2fb-a4d7-4f30-9530-6fe60aaa5102,38.897308,-77.043376,45,08072019-11:59:48
db21c74c-be79-4e8b-810b-391605389664,38.89878,-77.041034,100,08072019-11:59:48
c5373933-40a6-4201-bc29-ccd55f74042b,38.898397,-77.044726,100,08072019-11:59:48
a8d33c53-1881-4c79-a24e-70d6eabad118,38.892818,-77.028346,91,08072019-11:59:48
04b1b3c4-ce73-4528-9335-31b91e88665e,38.89466,-77.019092,75,08072019-11:59:48
8197ac07-85e9-4d6b-b50c-f2f2805f9c0d,38.898088,-77.022313,95,08072019-11:59:48
8bc69c36-f8c0-4882-9de1-ad2fe501df97,38.914908,-77.02583,94,08072019-11:59:48
4cf13eff-e842-479e-9384-f449c43fc414,38.902686,-77.028547,85,08072019-11:59:48
993c2c3b-f351-4eac-800c-4a76faf47822,38.902601,-77.028585,66,08072019-11:59:48
65c1d781-871f-4d10-b8e8-40e5245e16e4,38.914024,-77.024696,84,08072019-11:59:48
68a88e94-873b-4dbc-8dd6-04f4ec4f4507,38.907211,-77.042439,71,08072019-11:59:48
db00a4eb-f3f9-4197-8341-92a148aa7059,38.934095,-77.036894,74,08072019-11:59:48
f63f2ff4-bbf9-4eb0-8441-1f27814811a8,38.899003,-77.029497,96,08072019-11:59:48
71b3943e-a441-4f95-bb05-2437571da165,38.892134777306474,-77.0283175260546,96,08072019-11:59:48
2f11a6ed-166a-4068-bca1-a12cdd060f19,38.929024,-77.013254,94,08072019-11:59:48
e61df218-fe0e-4169-91c5-f5b2615f8acd,38.92088068187136,-77.03166014522037,71,08072019-11:59:48
0b49bafc-1212-4da4-84f4-3bb7d4c55cf3,38.917092,-77.033787,75,08072019-11:59:48
393677b6-9a5e-472c-8ef0-1e51cb271979,38.892588,-77.019776,74,08072019-11:59:48
a7ce2755-3c61-4f8e-b605-73ae767ce5e6,38.907005,-77.040175,56,08072019-11:59:48
b9051226-cbfa-4c0b-9b38-33ec919b885b,38.903514,-77.038361,100,08072019-11:59:48
9f5f5511-018c-4994-8787-f4c7b61ccdcb,38.89167,-77.028412,100,08072019-11:59:48
8bf606d3-9e56-41e7-8bef-0285ed3a3761,38.901477,-77.047696,83,08072019-11:59:48
de06c5e0-972b-45ba-8c06-7994a374524f,38.898131,-77.048984,100,08072019-11:59:48
a274ed6c-105d-4b73-9184-b151ae726f49,38.906002,-77.044726,66,08072019-11:59:48
d1cd8bec-2464-4c6d-898c-9b10b3c49259,38.907267,-77.04359,50,08072019-11:59:48
deaf04ae-c31f-4526-87f0-2bccb96c63c3,38.904616,-77.041572,100,08072019-11:59:48
870bc5ae-3130-4b83-810e-1f25ae391501,38.910756,-77.053112,72,08072019-11:59:48
e22734d0-ac6c-44e3-94ef-1a4a5e0ba3a7,38.879904,-77.024139,100,08072019-11:59:48
9879b0fd-9d82-401a-bcf7-75e2218af63a,38.90066,-77.053405,100,08072019-11:59:48
159f9465-1d5a-4917-81dc-d90a1dad804a,38.898959,-77.043393,75,08072019-11:59:48
272dcd17-f8bc-48be-ae14-43cb1614551d,38.901168,-77.043865,81,08072019-11:59:48
a2ec285d-f070-4279-81cb-baddcb84fab7,38.898909,-77.033281,71,08072019-11:59:48
0fe17ea6-9b1c-48fa-af95-ed0686ebd7a1,38.89816,-77.033282,94,08072019-11:59:48
c1716727-9528-4a84-9488-9c7d0a7698c8,38.90389,-77.066224,90,08072019-11:59:48
c618e3a6-b3cd-464b-beec-655688b8f83a,38.897971,-77.030464,100,08072019-11:59:48
94364187-4513-4c98-89a3-1500dd0bb512,38.900212,-77.033637,98,08072019-11:59:48
6123ac6a-be54-411a-9a4b-8fbf09a72d13,38.900959,-77.033587,100,08072019-11:59:48
06e3a262-ba9f-4bc0-808f-ebb791b4e5e5,38.901166,-77.033546,100,08072019-11:59:48
216bff94-0fff-4de1-b523-fd9045cc014f,38.88636991309077,-76.95455459083094,100,08072019-11:59:48
257a3aaa-9ca1-4ae8-9b60-b8e6603e2a04,38.9104,-77.038431,95,08072019-11:59:48
eaf654ae-399c-4f1d-a9a1-94a1e4a6dc16,38.901319,-77.049862,78,08072019-11:59:48
52ed2396-8710-4121-aa4c-3ecd1696e61e,38.880008,-77.024261,100,08072019-11:59:48
0e3d9515-ce6a-493f-8a4a-3306fd46a84c,38.892117,-77.028368,93,08072019-11:59:48
eb39ba3b-4f77-40c6-9ed6-c3fcc6ffb229,38.892609,-77.028359,96,08072019-11:59:48
c13d2081-3fa3-4eb5-92ab-6556ca5d329d,38.909675,-77.031978,100,08072019-11:59:48
0ecd0bfd-0421-4859-bbe8-8125e264497c,38.891769,-77.032101,99,08072019-11:59:48
334e0641-2623-4e74-b3e2-82b9aa6f7555,38.9230349549953,-77.05767843500624,79,08072019-11:59:48
8fee9b84-d93e-484c-b4b7-9c1ae99c227c,38.907711,-77.031926,100,08072019-11:59:48
b9a536b4-7491-4e26-85a5-351de99a1015,38.886938,-77.015221,46,08072019-11:59:48
948caac8-ef78-4ac2-b903-7778581d2f9f,38.901993,-77.046263,75,08072019-11:59:48
10c8c97a-3c59-4679-bcad-8028296555da,38.920405,-77.033741,65,08072019-11:59:48
2d86a5fb-208c-4e74-9b7c-47441dfbf13c,38.898133,-77.044342,64,08072019-11:59:48
e874ba4c-35a3-429d-b099-a1e3dba4203d,38.898613,-77.045084,98,08072019-11:59:48
02273738-d4e4-4e5c-a4fd-57f0528b136b,38.899445,-77.033763,62,08072019-11:59:48
ffc5bd8e-dfd3-4c70-8c40-c7af13dace4c,38.900207,-77.033763,100,08072019-11:59:48
74fc3b92-fdf4-45c9-9cd4-06d6d26d5bb2,38.91321,-77.030999,64,08072019-11:59:48
79a470f2-c67f-4809-b819-9d0c36673355,38.902167206193134,-77.02394414345204,50,08072019-11:59:48
4d20007a-b164-4e0e-bd65-1253ed77f4d9,38.90059315271917,-77.02390173807122,66,08072019-11:59:48
0c674645-93b0-4c93-aa53-902ad86e3dbf,38.904475,-77.029276,77,08072019-11:59:48
2f53483b-c9e8-4991-a41c-cd55830e1cf3,38.916404,-77.022418,83,08072019-11:59:48
63f06e5b-875d-4480-8171-ea7b2c72dbf9,38.902363,-77.04706,86,08072019-11:59:48
cbd1dafd-b979-4018-b6f3-6f62f98396e7,38.899928,-77.042171,99,08072019-11:59:48
2e2c3940-acfe-4267-b23a-026b6b297ede,38.901244,-77.041186,90,08072019-11:59:48
2ff63e37-9377-45b7-9baa-d485846fdf00,38.902568,-77.039674,61,08072019-11:59:48
e1c2e407-e9e8-4b6b-a840-9b1ad82162b2,38.902547,-77.041351,100,08072019-11:59:48
a562865a-9412-4457-9d45-fdd418e39a6e,38.899892,-77.01988,95,08072019-11:59:48
58024598-afb2-4790-a67b-d8c655e51a8f,38.893007,-77.021647,80,08072019-11:59:48
c1e9ff03-918e-458a-acf4-e97e95238337,38.894971,-77.022107,71,08072019-11:59:48
688ebdd9-a87a-424c-aac1-9ff803d7901e,38.896111,-77.04481,42,08072019-11:59:48
0c2f445e-d899-4224-92e1-8ac6f42868e6,38.904941,-77.043394,96,08072019-11:59:48
be0d985a-d764-4930-bedb-1d68cc0655af,38.89574800621615,-77.03208695172987,100,08072019-11:59:48
77ef11b6-8b81-4905-bc80-82a485dd7288,38.901224,-77.031627,100,08072019-11:59:48
4ef492e2-1a52-44e5-bde2-bbf351704b0c,38.89674,-77.031418,79,08072019-11:59:48
4c2b67fb-7a06-4f78-9f51-44352be16dd3,38.9261829,-77.0553752,37,08072019-11:59:48
438b8266-bf2f-4fe6-8cbf-43fa32e97bbd,38.920849459282046,-77.03165050603172,100,08072019-11:59:48
04f71ad7-e391-4a4f-a416-88e9a8f8aa2b,38.902756,-77.033371,62,08072019-11:59:48
0fc3f716-95f1-4f82-a283-67036382cc3c,38.92259,-77.030866,91,08072019-11:59:48
beeb3ddb-82e9-45de-9851-98e2b22e78f7,38.887783,-77.029433,65,08072019-11:59:48
c5159d57-0087-446e-bbac-213e5b02f55e,38.898259,-77.022417,83,08072019-11:59:48
fc6162a1-0742-42b5-8dc4-f11e4a7fd766,38.894707,-77.013407,63,08072019-11:59:48
754004d0-3947-432e-bc29-b8e6a3558a74,38.906755,-77.069901,54,08072019-11:59:48
8f9c9dd6-c2ba-4603-9f7e-0513cb0c8a53,38.907323,-77.069096,85,08072019-11:59:48
03507f73-7f52-4e95-9103-4537b809b08e,38.904773,-77.069018,79,08072019-11:59:48
29869e6b-71bf-4809-b6e9-d5b32469fcda,38.912033,-77.064625,66,08072019-11:59:48
6468d94b-79bf-42d0-960d-aa6204ebcbc2,38.918132,-77.069564,65,08072019-11:59:48
0e6526f6-94df-49e6-a40d-f5fd45386aa9,38.911961,-77.059688,88,08072019-11:59:48
919fc523-a7a5-4232-b178-866b28e725a6,38.903577,-77.041881,100,08072019-11:59:48
95f5e6d3-a1b5-4b12-8aed-fe9dbfa13de4,38.903681,-77.042044,100,08072019-11:59:48
0fb01f7b-6fb7-4732-b467-70115b0fd131,38.90201,-77.038814,82,08072019-11:59:48
d61dc459-332e-4b11-9320-c0a344818259,38.901901,-77.038782,61,08072019-11:59:48
1b1fd63d-473b-4b2b-8dd0-41a3c7352a57,38.905358,-77.058591,56,08072019-11:59:48
89534441-1053-4c21-83b0-fc1e9b4a1424,38.898942,-77.039322,76,08072019-11:59:48
393e57d7-926f-4efb-9af2-aa1274d2415c,38.899813278465096,-77.04001155357831,37,08072019-11:59:48
3beedde0-d4cf-4189-99c7-5c4f4466a0e7,38.900542,-77.053389,100,08072019-11:59:48
5753a8f4-5577-4b69-8a66-bba06a97deee,38.902774,-77.041373,89,08072019-11:59:48
1e0d0087-ea9a-4a42-8627-3ff21545a6ee,38.902532,-77.04079,92,08072019-11:59:48
bd5883a9-81a9-4e12-a51a-dee3231cedf2,38.901128,-77.041655,100,08072019-11:59:48
4d899430-3b3b-4ad0-837b-ce190f10bb4d,38.9151,-77.041743,73,08072019-11:59:48
87b3a00d-2ad3-40ea-8dfc-e095279706be,38.934228,-77.041224,71,08072019-11:59:48
d577ae3b-2e28-44b1-aeb0-0649fc03d3ad,38.900061,-77.041053,95,08072019-11:59:48
c5871a3f-c28b-4db6-bec0-6276b47ac27d,38.898211,-77.041008,76,08072019-11:59:48
44dbee89-ab0d-47fb-8742-011122e2daf8,38.90388,-77.018861,83,08072019-11:59:48
f9bc26a8-008e-4d01-a99e-afcefc3c5e6c,38.901562,-77.046248,100,08072019-11:59:48
9b417262-5579-4b2b-a27b-27ed2a77ebaf,38.900617,-77.053412,100,08072019-11:59:48
7e2cf6f1-413a-4f0f-bf9b-b19d73473441,38.897221796250804,-77.03153667978665,66,08072019-11:59:48
13ba2896-ef1e-4816-b6fc-1b25c67cf57b,38.911347,-77.059663,66,08072019-11:59:48
c2f33c10-6bb3-45f1-b76f-0be21bce4a93,38.906103,-77.056986,73,08072019-11:59:48
fbbc5479-4ea3-48ff-9d47-42e1f374bb9e,38.902004,-77.046956,58,08072019-11:59:48
024aa81b-7274-41c7-90cc-f6ece00f9101,38.902878,-77.032418,87,08072019-11:59:48
41fba7c3-9657-4a04-ba34-8e4b3f8da791,38.933707,-77.057606,65,08072019-11:59:48
b2972608-aa3e-4922-9910-58f22cf4d53d,38.884383,-77.024724,47,08072019-11:59:48
41fed3cb-79f5-4612-9d4e-94b9e00f4195,38.905221,-77.059114,95,08072019-11:59:48
f639c2fc-56a3-4ac5-a3f7-c4c1483c5cbe,38.905728,-77.055811,65,08072019-11:59:48
c6cd5061-e619-48ca-a355-6959f2769cf4,38.904151,-77.062658,54,08072019-11:59:48
326a87e2-9a2e-4aad-b291-e5ed696ac905,38.915586,-77.002459,74,08072019-11:59:48
77172fee-4a22-4b0d-97af-dc6628ca297f,38.903791,-77.005561,99,08072019-11:59:48
d5ebb229-a5c4-4b3e-a84f-d7af10d76d49,38.905153,-77.042087,97,08072019-11:59:48
22d14313-fcf5-430a-aa27-376e5ac6cee3,38.905247,-77.043311,54,08072019-11:59:48
6185f167-fbe3-449a-8a17-2a21d4be256d,38.905384,-77.043313,84,08072019-11:59:48
4ed72670-82bb-4b1b-8346-80cccf5faf2c,38.903033,-77.04248,97,08072019-11:59:48
0ddc2253-2bff-4cd0-b4ca-a46fe22652fe,38.905651,-77.033389,98,08072019-11:59:48
8bdfdce4-e70b-4a5c-99cd-1889cd4607c7,38.901359,-77.044182,100,08072019-11:59:48
223759bf-ac64-4603-8a5f-4f545643bf43,38.891787,-77.030471,96,08072019-11:59:48
f91ba02c-1ac0-4afa-a65b-728f80d50c92,38.899484,-77.009603,91,08072019-11:59:48
7df6b1cf-43d7-4ae3-811f-10d9155da65b,38.899808,-77.022599,88,08072019-11:59:48
9dc9accf-e854-42ea-9251-b2e1db6608c5,38.920014,-76.995962,67,08072019-11:59:48
d6fb842c-30ce-490f-a6d5-03199a4244be,38.909889,-77.022065,100,08072019-11:59:48
a0c82cfd-d094-453b-ad89-d081a0f0c88a,38.894278,-76.987575,100,08072019-11:59:48
294ef462-8242-46d4-afbb-a1782b558eda,38.919465,-76.973683,88,08072019-11:59:48
fafe8ccf-741e-42b0-94f7-440522f1425f,38.902557,-77.034396,95,08072019-11:59:48
c0c906d8-650f-4899-9c94-60ed506a8b21,38.901718,-77.034897,94,08072019-11:59:48
3e73c94f-67cd-489c-9f19-575f0b342079,38.905772,-77.033399,98,08072019-11:59:48
a8bebe23-8beb-401c-a981-84779f5d5956,38.89567,-77.028307,100,08072019-11:59:48
1453b7c4-041e-49de-849b-e00d833dcce9,38.895556,-77.028256,67,08072019-11:59:48
6f2ba63d-0788-4ade-8da7-74c4eb55ca91,38.891986,-77.021997,99,08072019-11:59:48
d14470b6-120b-4763-8e02-5dcdb77579b1,38.892556,-77.019739,74,08072019-11:59:48
99ec125d-e994-48f9-a426-ced4421fbbd8,38.910594,-77.039731,85,08072019-11:59:48
3e125e9a-a954-45b9-9c59-3754c71cb650,38.910275,-77.040979,56,08072019-11:59:48
825f5c72-88a1-4185-8bcf-0224b697e298,38.903864,-77.018983,84,08072019-11:59:48
5abdd465-0fd3-4e90-b538-3be1a6679350,38.90397,-77.019069,90,08072019-11:59:48
56c872d3-4865-4110-b364-baaa7de24fbc,38.89219948559896,-77.0283434261354,99,08072019-11:59:48
75f74fcd-5629-4f7c-82b1-fc29b4c6e047,38.892129,-77.028357,99,08072019-11:59:48
58fa496f-c066-43b5-a7ec-77c01bf37fae,38.892841,-77.028186,72,08072019-11:59:48
9ba9b98d-7d1f-4c19-b69e-a3305b9974dc,38.896716,-77.028145,75,08072019-11:59:48
cc58cd89-04c2-4593-b773-bdd6603fe2e7,38.899823,-77.023105,79,08072019-11:59:48
6feaba09-99d4-4e96-b658-35311adf1791,38.899193,-77.021746,63,08072019-11:59:48
16fca145-54bc-4cc4-8a4e-f77c47ae103f,38.893951,-77.022024,86,08072019-11:59:48
eb087bff-4cbc-4cc0-a62e-33ebd01c1366,38.89397,-77.021973,94,08072019-11:59:48
d5de3c1f-1991-435a-a2a6-2b42fde66e4a,38.885099,-77.015579,78,08072019-11:59:48
d4231e5d-c8b3-4bcc-becc-e93f8c7e7ded,38.887748,-77.010994,88,08072019-11:59:48
e9de7070-83c6-45f2-b46a-ce2a10036993,38.896079,-77.022089,97,08072019-11:59:48
b73f6e06-c4f2-4514-954c-5975ceafbcfd,38.901863,-77.015462,81,08072019-11:59:48
f81bac0b-23e1-4411-a59d-39089e0e4412,38.885836,-77.026542,54,08072019-11:59:48
75b5130e-060e-4e16-b01f-64ae06dbc56d,38.901213,-77.033651,54,08072019-11:59:48
7b8b0c4a-2810-4833-b307-4c0383630260,38.903131,-77.022987,93,08072019-11:59:48
cc37e5a2-2392-4e56-89a2-8d9ba31a5d0f,38.903529,-77.026062,80,08072019-11:59:48
50cbae5a-b155-45b4-a472-5a594e763f48,38.901598,-77.041709,100,08072019-11:59:48
15c25da5-0195-48c7-9d8f-f2579aa637ad,38.914793,-77.025935,87,08072019-11:59:48
6ce3c00a-739c-4e63-a37c-1fffb7124ebd,38.903918,-77.040392,99,08072019-11:59:48
63d0443f-05d9-4060-ae5c-14e66d3877e7,38.908401,-77.022815,100,08072019-11:59:48
a8edd04a-7277-4b37-8cc6-fc943fe1437c,38.908442,-77.022839,100,08072019-11:59:48
7e906df4-73ab-4953-9074-84b932effc1c,38.896688,-77.016894,80,08072019-11:59:48
fd7510bd-4ac4-4fc1-913a-d067e56f7bf9,38.885844,-77.020198,60,08072019-11:59:48
0542d93c-7034-4046-83e0-23676ecc2e35,38.89064876667816,-77.02513624133549,90,08072019-11:59:48
0191f6c7-7ad9-470b-ad83-66d87fda6904,38.898383,-77.025909,60,08072019-11:59:48
6b6e3dfb-cede-4c02-b586-16ea83b44f16,38.915741,-77.067615,56,08072019-11:59:48
39170bfe-e700-4ad6-b3cc-3d9e1c9a3048,38.901663,-77.041705,100,08072019-11:59:48
9e890990-8b72-4cad-ab1f-8294f9c4f442,38.905679,-77.014687,95,08072019-11:59:48
4a1767f1-41ec-487e-9fd5-2c485f1c3c43,38.898473,-77.044771,100,08072019-11:59:48
9426ae89-4be5-4061-8c6f-efb4d08e4c57,38.898393,-77.044974,92,08072019-11:59:48
17febefc-c3f2-4817-9d00-cd16e843e485,38.905003,-77.067801,92,08072019-11:59:48
92ca5b51-8dca-4d99-915e-bb948e8b4c51,38.862577,-76.992702,70,08072019-11:59:48
7c82c41c-bf3a-4bb1-8de4-63494ef1cf3f,38.899757,-77.048818,74,08072019-11:59:48
e6113293-ce07-4e27-bd98-2fe73a2ee2ac,38.90068,-77.049411,100,08072019-11:59:48
d6bcbdd3-0d29-43fa-94a3-2bd19313ad03,38.90263,-77.048027,68,08072019-11:59:48
0c946a7b-968f-4a6c-ba6c-c0a26323fc48,38.905538,-77.050203,95,08072019-11:59:48
8ef7c4a7-055c-47af-b4e7-a26f5da77c23,38.892795,-77.048928,68,08072019-11:59:48
9dc257db-df5c-4a5d-855f-eef837981094,38.896133,-77.046069,71,08072019-11:59:48
a070ee51-e33c-4f4c-8569-3648be826797,38.90518,-77.066318,100,08072019-11:59:48
30f92310-a26d-428c-90dc-866ce5c63629,38.912027,-77.06464,75,08072019-11:59:48
68286d45-e51a-4584-b22b-37208f229999,38.904849,-77.043534,95,08072019-11:59:48
36365f1c-51cd-4667-b4fe-d97e3c98135d,38.910704,-77.022058,100,08072019-11:59:48
a70e3bff-53f1-41ad-b746-d2d3b9e4e7a7,38.912761,-77.019718,79,08072019-11:59:48
11dfcddf-c69d-4a3d-9ed3-7b60f6e5aa8f,38.909749,-77.021957,79,08072019-11:59:48
368c4c06-7ac3-419f-8174-2840ddb237c1,38.912726,-77.051609,69,08072019-11:59:48
e6aa540e-e7cd-4361-b6d8-852fdef9b72b,38.907078,-77.05108,42,08072019-11:59:48
a169d38c-a00e-457b-98c9-ce4a1b68e398,38.90165,-77.050823,94,08072019-11:59:48
15258623-fd8c-47d5-821a-654fe0888e92,38.908017,-77.034635,100,08072019-11:59:48
7aa847ea-9d1a-4874-9cb2-ce0cb0a175f1,38.895387,-77.044219,87,08072019-11:59:48
98a47ad7-23d6-4f2e-8b84-1eb1647790fc,38.896623,-77.044918,74,08072019-11:59:48
a3874369-6b2b-4c9b-957e-222e017d487d,38.91482191071113,-77.03434362016614,92,08072019-11:59:48
36434193-90de-4ff9-a573-6ba7d86e8539,38.919383,-77.034285,59,08072019-11:59:48
b178896c-3f7c-4e05-b511-fc3ef976a192,38.922829270617115,-77.05739675950679,73,08072019-11:59:48
e795993e-9716-4e97-bc6b-2a3bd1979b21,38.903957,-77.044932,79,08072019-11:59:48
71e3da66-537b-4f26-a781-07a24b483b20,38.893576,-77.04174,100,08072019-11:59:48
f855647a-56f1-42ee-9443-34e915ccf4a0,38.923174,-77.038181,86,08072019-11:59:48
0ea50a90-fc89-4a2f-9fd5-2b081e273094,38.92292963810164,-77.03663832515201,74,08072019-11:59:48
fee0cb6c-d5b5-4a41-ac28-56a84984b7ed,38.93044945401631,-77.05413277241608,67,08072019-11:59:48
c8c8f739-8592-427d-852b-a45d8338e9a3,38.90801,-77.034489,98,08072019-11:59:48
3eb62748-54c5-4d11-9727-b80ea939bd26,38.900444,-77.033653,90,08072019-11:59:48
284a20d6-c470-4a85-bb34-0c1cd31ed114,38.88744987828419,-77.03181121598747,89,08072019-11:59:48
c2c5ea11-2f81-4cfb-bbc9-d7ef81632516,38.90356,-77.038393,100,08072019-11:59:48
7e4a6b26-cf54-46c8-b616-47acef84fbc0,38.90117,-77.041614,78,08072019-11:59:48
02e792b8-6a21-4d82-ad80-8657ec311094,38.897243,-77.033653,30,08072019-11:59:48
a92cbfab-dca3-4a44-ae4f-1c3b5b8a9847,38.90131,-77.036812,100,08072019-11:59:48
95704887-f6b3-4a90-bd81-d116f500bf7c,38.899977,-77.023093,90,08072019-11:59:48
f6ce66f9-cace-4cf9-9948-855308b860c7,38.90289,-77.022816,74,08072019-11:59:48
79f489d1-488b-4c03-9b87-21a69d1dcd33,38.902341,-77.022014,87,08072019-11:59:48
305eeb21-0843-416f-8417-e6bc5ed48bc8,38.90341,-77.028341,63,08072019-11:59:48
b07de8f5-f471-477c-8a07-a98d401c5563,38.898533,-77.032579,78,08072019-11:59:48
6e724b38-a1df-4add-818a-a6341c270bd6,38.90478,-77.029762,48,08072019-11:59:48
3a6ec341-1a30-4445-845b-0b16f8e5f53a,38.895982,-77.032517,81,08072019-11:59:48
fddd2511-6201-40ec-bf42-2e6bf99aabf9,38.893845,-77.021896,86,08072019-11:59:48
7d57738e-72cb-4ba1-a9d2-47712357ad4f,38.893927,-77.021947,88,08072019-11:59:48
add47ebb-f5e1-4e75-a714-2d215a36c17d,38.904801,-77.034773,73,08072019-11:59:48
83177bca-14b9-4592-b2d4-d7d4b2140a9d,38.903172,-77.034467,39,08072019-11:59:48
868f01b4-55e3-4c39-80fe-9e36edeae59b,38.902757,-77.03339,100,08072019-11:59:48
fbddbc61-9f91-4c28-8c7d-2d246168d59c,38.904136,-77.032549,63,08072019-11:59:48
b04b7b5e-ca07-4a3e-9e26-849d5e3be215,38.90294081069427,-77.03316117644033,50,08072019-11:59:48
e8c84cb2-b62d-4ad3-84a6-64fb73cdcb94,38.876636,-77.007394,83,08072019-11:59:48
7afaf01c-e207-4d91-bffa-5d21552062fb,38.901436,-77.032116,80,08072019-11:59:48
53e9f4b4-9e27-412c-b8cc-1d7a0d243ca8,38.896153,-77.030094,100,08072019-11:59:48
05aa9800-6799-4c7a-9834-16fe13f342e8,38.908093,-77.034499,84,08072019-11:59:48
b93ceead-74b1-4431-918e-7b9ed5c14e71,38.870759,-77.013806,83,08072019-11:59:48
7bef25ec-c092-490a-ab76-2d23fe486977,38.885567,-77.017715,59,08072019-11:59:48
793316ae-05c5-4ef9-927f-7b5a7b05aaab,38.884948,-77.020016,61,08072019-11:59:48
9daa4eb6-c842-4d15-8e2f-b9bc73ed791d,38.886146,-77.019787,94,08072019-11:59:48
3684b37a-0492-4657-b6d4-1f311620422b,38.914171,-77.044794,67,08072019-11:59:48
d68bf426-4ea2-41ee-b9de-c1fead0771c9,38.90879246566089,-77.07035283220294,70,08072019-11:59:48
da581779-c1bd-4a9b-befc-12e5767dc6f7,38.908625,-77.070587,72,08072019-11:59:48
069f2167-b837-423b-bf98-b19fb0262629,38.90473721297234,-77.04864470932225,52,08072019-11:59:48
ac4c3ab1-2c7b-4519-8e28-986ed8328795,38.899477,-77.048894,100,08072019-11:59:48
0fa14aa7-127d-46ce-8279-bbe0731c77d1,38.899432,-77.048728,100,08072019-11:59:48
52962847-26b9-446c-a06e-24a43a48fdfe,38.898994,-77.048909,64,08072019-11:59:48
c5601f41-ba10-493a-a27d-716d8889bf3e,38.907183,-77.05317,78,08072019-11:59:48
e3b40c46-2360-4cad-9f63-a51a94d4de0d,38.900472,-77.053265,100,08072019-11:59:48
382df75f-33cd-4000-97af-99c513e73842,38.895624,-77.008973,72,08072019-11:59:48
7f915895-21e3-4ac0-8c34-bba19adfbb39,38.893784,-77.013373,73,08072019-11:59:48
23f92bdf-34d4-4474-a8b4-d071f7711b13,38.897999,-77.009718,34,08072019-11:59:48
de108cf1-e1b9-4bd0-9c76-9f0290c32bf7,38.898237,-77.022274,86,08072019-11:59:48
f54d6236-1808-40c9-bc55-db241ccbaa4e,38.898476,-77.022289,50,08072019-11:59:48
8484c2c5-18e2-4e95-a2bb-d9f05765bc02,38.897979,-77.022305,88,08072019-11:59:48
e5c6aec5-1fe2-47a8-aebe-09cd40293569,38.894028,-77.02187,91,08072019-11:59:48
65f22ffe-a4e3-488e-8e37-5f3d64eb4d17,38.89406,-77.021686,89,08072019-11:59:48
ea8eec66-7492-4379-9a43-fc9712ca2b84,38.904009,-77.046083,81,08072019-11:59:48
499609c9-00ba-4679-bcd3-02795897f2bb,38.900688,-77.049481,100,08072019-11:59:48
24a94e72-0699-464a-9035-bc66b27d6a8f,38.90044,-77.049473,100,08072019-11:59:48
5312b2c3-a065-4df5-be4a-815e5e615c07,38.898362,-77.049352,91,08072019-11:59:48
43705a1c-b741-4019-b49d-4d62af8c08cf,38.896125,-77.05075833333333,89,08072019-11:59:48
78d4ffff-676e-42da-a95b-3b373f941fde,38.902389,-77.04743,100,08072019-11:59:48
dd046900-b6fd-4950-b725-9784f9905c8a,38.900662,-77.048623,75,08072019-11:59:48
63b5fecb-77ba-4725-9e28-8048343003f2,38.912876,-77.076601,70,08072019-11:59:48
819d98f1-c567-485f-9353-52a76af99dfe,38.919011,-77.070423,66,08072019-11:59:48
24fe8ea2-8517-4688-abeb-099696c8f92b,38.896089,-77.043301,100,08072019-11:59:48
cc5f9a77-7f51-43da-b83a-b59a22e7a1b7,38.898198,-77.044794,100,08072019-11:59:48
a0c95b7c-ca13-44e3-96be-47fd0c77d8b8,38.897577,-77.04162,79,08072019-11:59:48
b753e59e-38b6-47f0-bc18-d44b472ef3be,38.912948,-77.045269,78,08072019-11:59:48
f2a8c8db-48bf-4a7e-a3ae-adc4ad0298e2,38.902486,-77.045074,65,08072019-11:59:48
393347aa-caab-45af-987a-99354f8eabd2,38.887674,-77.041526,78,08072019-11:59:48
342ce794-6824-471c-8d22-ac31092927c2,38.880436,-76.985275,66,08072019-11:59:48
e44ac8a5-830c-4bdc-a049-e57894590e4b,38.892432,-77.049068,95,08072019-11:59:48
82f1f3a9-4427-4bad-9942-8de0e2e7a952,38.892386,-77.046593,97,08072019-11:59:48
d8866b92-1773-4370-8234-0a3f48546cc4,38.895992,-77.045525,82,08072019-11:59:48
e53e6ca1-ba09-44cc-b7bb-fcfb2fe4dfb4,38.894031,-77.046714,98,08072019-11:59:48
8d336b19-97db-45c8-844d-34cf0180589f,38.909512,-77.038163,74,08072019-11:59:48
5816f5be-0548-4764-8efb-697549751ea1,38.879067,-77.02286,97,08072019-11:59:48
fb8f8049-8e6b-4ce6-a87a-d0e013d318cc,38.957741,-77.019239,79,08072019-11:59:48
a1c3f502-2804-4a9d-8c3e-55ac3ae54571,38.90402,-77.0437,77,08072019-11:59:48
490adf82-bf4a-445f-874d-9c18bb0b76f5,38.904555,-77.043685,55,08072019-11:59:48
233fa755-0807-4d60-b080-1565d2ac2f6d,38.905014,-77.050973,76,08072019-11:59:48
890ee967-8c70-480c-990e-1a2599666be3,38.905305,-77.051398,74,08072019-11:59:48
995cbd87-79ad-4137-ad0b-63f106f02669,38.905032,-77.040735,100,08072019-11:59:48
a6cc5e79-b1e1-4ca8-9468-f327c2d2ab65,38.90549,-77.058249,89,08072019-11:59:48
205860c5-67a8-44ec-9c97-e51200a2afa2,38.905349,-77.058618,84,08072019-11:59:48
e7d45800-9042-4130-b352-bdebd2b43f1c,38.89233141675488,-77.0305673965039,100,08072019-11:59:48
e40e8a3a-777c-467c-b3b0-75a1f0ab1e4f,38.886905,-77.0131,86,08072019-11:59:48
f3d402c9-fa25-475b-afeb-76ee78bebc7e,38.88799,-77.010988,72,08072019-11:59:48
17772400-26b8-461f-9a7d-ffb043ef246c,38.88810248455452,-77.01079221834607,92,08072019-11:59:48
15c32880-adf4-48a3-bddf-42275e452576,38.896014,-77.007513,97,08072019-11:59:48
c87da0c6-4df8-428c-aa7f-e6b207714307,38.901447,-77.023082,94,08072019-11:59:48
77969887-fa33-4031-ab7e-d2f12d97caaa,38.91620666666667,-77.02170500000001,80,08072019-11:59:48
2302bdc2-104f-4dc2-875a-7aaf4dd1b27d,38.904218,-77.035648,100,08072019-11:59:48
6ad1a068-8a4a-4eeb-b8bb-88f841c5f792,38.903723,-77.036283,100,08072019-11:59:48
98759eaa-34b3-424b-addc-7986110e8c62,38.904776,-77.034821,100,08072019-11:59:48
8a785b6e-07cf-492c-b3b3-3998cb0f21c2,38.891945,-77.032199,99,08072019-11:59:48
f43790d9-b86b-4d97-b50d-54d91ccbf42a,38.905716,-77.028103,92,08072019-11:59:48
e50e161d-8862-49d2-af7b-b753c5ae6dbf,38.88611799575285,-77.00554423041362,100,08072019-11:59:48
3b65047c-5302-43e1-a738-9372537a1ff0,38.8921255,-77.0284125,89,08072019-11:59:48
c366587e-82d0-4ac4-a64d-8e390cf1fd07,38.890526,-77.032444,63,08072019-11:59:48
da92a6c4-adf1-4f79-b736-691facf3f96d,38.892188,-77.028334,95,08072019-11:59:48
fbfbd1e8-f836-45de-8c46-f23b4abbde01,38.892002,-77.027186,76,08072019-11:59:48
3f2d3abf-a886-42df-888e-7de06541533f,38.905579,-77.033401,99,08072019-11:59:48
3d34a507-22c5-4567-bcfc-11fed20c9694,38.892178,-77.031775,83,08072019-11:59:48
c64339f6-0689-491c-a2de-7a87ed0e79c3,38.90239,-77.034623,79,08072019-11:59:48
a6781b8c-06de-4ba4-918b-bacf003d6d1e,38.90966320598496,-77.03355179672509,36,08072019-11:59:48
4debd508-425c-4a00-80e3-50cd5dba442d,38.910744,-77.022064,100,08072019-11:59:48
5e3e3a07-3257-4248-88dc-14af961523ff,38.8947,-77.015459,94,08072019-11:59:48
d710eb9b-7d49-458b-9509-b301d068902a,38.906003,-77.043618,75,08072019-11:59:48
50e3a804-b927-47b5-bee0-d5655cc7fc69,38.904565,-77.041545,90,08072019-11:59:48
14e40b70-bb0a-4ac8-bc2e-e5ffdf45cbbf,38.911818,-77.073051,89,08072019-11:59:48
6f6da464-fb51-4328-90c4-49fa7cca8502,38.918747,-77.081708,73,08072019-11:59:48
804e7a6d-f900-4488-b2d0-62cc09cd14bb,38.922008,-77.072642,78,08072019-11:59:48
fcd6ba01-2c7b-4374-bed4-0dcb9fb68318,38.899351,-77.048941,100,08072019-11:59:48
5d1d09c7-7b63-428b-86ce-e570bb10924c,38.915453,-77.073801,71,08072019-11:59:48
e3b6e685-d963-48cf-a1c0-9a788ecea1b8,38.908241,-77.023143,100,08072019-11:59:48
6d8b94eb-46a0-4992-82cd-60b512753c20,38.901982,-77.023099,90,08072019-11:59:48
fdd86cf1-e5ec-408d-a7af-83ef406bd3cf,38.901839,-77.024096,49,08072019-11:59:48
62ca4de3-98e5-486a-b7e0-852f585fab3b,38.90990266661095,-77.06612299730442,70,08072019-11:59:48
57295622-d9c2-47ce-b846-5cf608b54dd6,38.902187,-77.016741,74,08072019-11:59:48
db493ef2-2e86-4b5b-a431-17bcfcc5eb34,38.902275,-77.016941,90,08072019-11:59:48
227605a9-dc5e-4842-9c68-4149c41986f1,38.901462,-77.044309,79,08072019-11:59:48
a7eaa240-fa14-40b4-92c9-2ae446ad0a85,38.902735,-77.04541,99,08072019-11:59:48
fb6b6f8c-b7b0-45c7-9630-3ca9e7333c42,38.903078,-77.043818,73,08072019-11:59:48
a45bd21c-8efc-48fd-bf58-a2c2acbbfdc4,38.903531,-77.043044,66,08072019-11:59:48
162e7338-d6dd-4bb9-9992-6ee254d771e9,38.904042,-77.043618,41,08072019-11:59:48
cc2502ec-ff4e-4d8c-9c0b-8b5586de0d8d,38.90712,-77.040405,95,08072019-11:59:48
a863dea5-7294-449a-b5fd-1df934a0b400,38.887024,-77.018064,75,08072019-11:59:48
8a01d20a-4bc8-41f6-89e0-5ffcc9e4d9f0,38.907314,-77.064484,50,08072019-11:59:48
7e6cb264-d3a1-42e1-a3b5-6ceb8fda64ed,38.884191,-77.024843,60,08072019-11:59:48
29336275-393e-428a-a59a-4b2a59f4a47f,38.934539,-76.964452,69,08072019-11:59:48
e15b55d9-2b8c-4ddb-a853-a4467c852732,38.903772,-77.035099,90,08072019-11:59:48
66c06c5d-83b0-4936-bb2c-d3ff848c5216,38.904721,-77.008691,88,08072019-11:59:48
3ad3ead0-8275-4e73-ad46-2190580d310d,38.900343,-76.996246,70,08072019-11:59:48
e9160d57-e023-4bc2-98f3-d1f1c5783208,38.887406,-77.025949,53,08072019-11:59:48
7b909952-8b57-4e47-a219-43b5d63f628a,38.885775,-76.988357,68,08072019-11:59:48
f5d02f14-55e7-42d3-b735-6c5c0e018818,38.879826,-77.024268,100,08072019-11:59:48
28b5f2be-eaad-4e7a-a663-9347a7463225,38.903929,-77.019085,85,08072019-11:59:48
104f3ecd-d745-4140-8ea1-7606978798a1,38.903326,-77.042,100,08072019-11:59:48
49e3b2f8-4aa9-438c-86f3-778875e8e23e,38.908538,-77.023156,99,08072019-11:59:48
6bf46899-dc13-4b1c-a553-bb324ae3877e,38.893547,-77.039805,71,08072019-11:59:48
57ab1726-8d74-4ae8-915b-fc9987637b5d,38.89888845628069,-77.03309874434619,75,08072019-11:59:48
61102850-70e7-4442-9b88-2ee1c39ff55b,38.89081274133818,-77.0153280710669,95,08072019-11:59:48
