9ae325ec-07ff-415b-a670-54b44e9f2900,38.887697,-77.014959,65,08062019-12:52:58
921ef93b-2f51-4f03-8713-e50fffec6391,38.901132,-77.038642,94,08062019-12:52:58
cbc92af1-b547-4b67-a626-c2eaeb5cad8b,38.881345,-77.01653,75,08062019-12:52:58
fa59c169-8040-4fa7-826e-fff1791aeeaf,38.924467,-77.05769,99,08062019-12:52:58
802eb664-dfe4-470a-83d0-5f39af1d9104,38.943704,-77.021804,94,08062019-12:52:58
468dbadc-a5be-4310-97ad-b7b1d2866828,38.898309,-77.033791,99,08062019-12:52:58
26534825-1534-432e-a7aa-483a26b5b5d9,38.899113,-77.032032,75,08062019-12:52:58
eaee6716-fd18-42a9-ab41-2350508eb772,38.899171,-77.032565,69,08062019-12:52:58
fcc497f5-78c5-4b39-aa03-3c2d89908bf5,38.898579,-77.032819,95,08062019-12:52:58
49ace1ae-2a17-45f6-b7d7-85d71e372a97,38.898023,-77.030006,99,08062019-12:52:58
aa58d429-3e2f-454b-bfc6-8d67b36ffb46,38.898615,-77.029353,93,08062019-12:52:58
c8716325-2e5b-4455-9e2e-14eb37d33371,38.898202,-77.029873,89,08062019-12:52:58
5f85b122-654d-4449-89b5-9b03a8644e1f,38.88718,-77.015183,91,08062019-12:52:58
b31aca2f-d34d-44c7-bde8-8a323724bcce,38.899087,-77.03368,77,08062019-12:52:58
dacca1d0-0f85-4b1f-b47c-3cafc02c7595,38.898803,-77.033557,77,08062019-12:52:58
f74f7585-9fbd-4d5e-a957-0a7c7bf60f1e,38.899715,-77.026888,88,08062019-12:52:58
f534b51d-bad6-43b1-9998-58c0a3f34395,38.90035,-77.027445,89,08062019-12:52:58
ab66016a-a4ae-4a1a-aa67-be9c0b0fe858,38.965002,-77.036559,74,08062019-12:52:58
40d6367c-4527-4eb2-a376-a6874e90e4f0,38.945081,-77.006062,73,08062019-12:52:58
296d9164-679c-4dd1-985c-48f1d4ec6c6f,38.906233,-76.982236,69,08062019-12:52:58
97f02b6b-d175-4184-adf3-dabf6dc8e133,38.876444,-76.993636,97,08062019-12:52:58
c7a03603-3612-46dc-9913-f7e0231186fc,38.874667,-77.015635,100,08062019-12:52:58
f15c5b4a-484c-4ab2-839f-358e67928fdd,38.870805,-77.013773,96,08062019-12:52:58
6e1d97aa-b521-458f-be34-58726bb2b312,38.91507411199246,-77.03442420774311,68,08062019-12:52:58
7d79f7b3-e1b1-4d6a-a59d-db0672f25fb8,38.91039738361062,-77.04333984347949,98,08062019-12:52:58
68fc1f11-c3d3-4b3a-a3ce-5400ec267b2a,38.923146,-77.046983,90,08062019-12:52:58
e72f4b60-ee25-47cc-a459-89ea435b9120,38.88509,-77.007815,70,08062019-12:52:58
0a988f0b-22ea-4897-967d-8bd8a9d3a102,38.884023,-77.017677,85,08062019-12:52:58
a994d4cd-8c0e-4d57-906c-4168489e4c91,38.893565,-77.02804,77,08062019-12:52:58
1bc6590f-b299-44a6-abc8-14931e0cd8a9,38.905151,-77.034389,85,08062019-12:52:58
70c366fb-bec5-44c9-ad0a-80aadacb27d1,38.879335,-77.023901,88,08062019-12:52:58
b73c612f-b37b-4d25-8d50-490fae693403,38.89201391026274,-77.03325765214583,100,08062019-12:52:58
5176e302-a698-407e-a5d1-0873661ff15b,38.929345,-77.032868,55,08062019-12:52:58
9ebf4934-7c6e-4126-90f2-5d65caee647d,38.923671,-77.079864,70,08062019-12:52:58
3211b7e4-cdce-4217-9fdc-98b01d92ecbb,38.907985,-77.03542,64,08062019-12:52:58
d6dfe21d-066d-4eaf-9578-7f93aff8d88c,38.89697,-77.029277,73,08062019-12:52:58
ee165501-83e6-4826-b77e-b8bd21b88c92,38.905152,-77.061039,80,08062019-12:52:58
ac2fba41-64cf-4b8c-aca6-705d0bff43d4,38.90074,-77.050409,100,08062019-12:52:58
295520c7-6cee-46a6-982b-207721468dc7,38.91643833333333,-77.04287666666667,89,08062019-12:52:58
1228526b-c860-4fc0-a86d-5ac004ee281d,38.92109,-76.986808,74,08062019-12:52:58
e65e1983-17ec-4463-8a00-61377776ce59,38.897764,-77.032502,99,08062019-12:52:58
005eb49d-7084-452b-bab6-2c43f4d76951,38.897284,-77.030398,73,08062019-12:52:58
c72fd978-8eb6-4a4b-ac0e-f3baa0daf89e,38.897168,-77.03064,95,08062019-12:52:58
61c0b386-a948-4cf6-985b-5d2c63e32020,38.896011,-77.030678,57,08062019-12:52:58
c3a8f633-3c38-499f-b587-6b208e4dd15c,38.904968,-77.067914,98,08062019-12:52:58
4492f148-8dc5-477f-a810-82d5c94e56a0,38.906597,-77.058129,100,08062019-12:52:58
59e9b726-03e9-49af-ae27-16d5b9a13947,38.905402,-77.059318,32,08062019-12:52:58
9f119c60-831d-4a1d-ba1b-790cc0f6cbf0,38.892269,-77.008494,73,08062019-12:52:58
d27e78b5-c903-4d93-afb4-4a593e95a079,38.892327,-77.008463,31,08062019-12:52:58
a3ad68cd-56b5-47a2-933d-2f9dd6585393,38.902597,-77.029919,36,08062019-12:52:58
799795bd-5231-4c9b-bd37-5c3e7ff4a1f3,38.902638,-77.029888,92,08062019-12:52:58
677e2d70-b3a5-4830-a02d-a84e0b2b7681,38.903522,-77.031822,100,08062019-12:52:58
d7640726-56eb-4692-8e31-ee645aab0eb4,38.901223,-77.03176,100,08062019-12:52:58
8762d2e2-1768-4291-90d8-a6d6355ac216,38.901381,-77.033604,100,08062019-12:52:58
a33157c1-e408-4177-887b-9943f1edd244,38.901316,-77.03362,100,08062019-12:52:58
86a3c366-0b92-4fee-8cc6-bc2dfd4edceb,38.900989,-77.033479,96,08062019-12:52:58
843caf00-f8b4-4770-9d12-687c5710b47d,38.91588,-77.015719,72,08062019-12:52:58
4824f0f2-9da3-41ec-9387-8b06d8221081,38.901191,-77.035357,82,08062019-12:52:58
b370c1c9-141d-412c-ae1c-89d88c11b7e0,38.896059,-77.030086,45,08062019-12:52:58
5750cb21-8aed-41df-8bad-83c067b6aad5,38.918742,-77.022829,74,08062019-12:52:58
ceec5486-8441-4ac5-9897-bb44b24a5d4d,38.901885,-77.02511,92,08062019-12:52:58
0f41186c-06a9-48d8-94c7-a448ce6bf3bf,38.892127,-77.047368,100,08062019-12:52:58
89191fe8-3f2d-4601-b8ec-c7792430edc9,38.89227,-77.048675,100,08062019-12:52:58
3947b130-3b3f-4841-81e4-d880da3f378c,38.89589,-77.040906,80,08062019-12:52:58
4c7fc271-5fe5-4020-be5c-c8479bb5fb77,38.892163,-77.047401,100,08062019-12:52:58
089f55ae-df3d-48b6-9095-31651f1bc126,38.8928415,-77.0194403,79,08062019-12:52:58
27a5f1af-b4e0-4639-8086-94c45d2baa80,38.90213,-77.033857,99,08062019-12:52:58
0dd45ccb-3072-4594-8cac-e3db62655751,38.892228,-77.021014,92,08062019-12:52:58
d543b2ba-3f3d-4b12-82d4-4d7a232bcd2c,38.900328,-76.998946,56,08062019-12:52:58
670cf057-657e-4fc2-a005-b1cf0ea74160,38.958608,-77.084946,48,08062019-12:52:58
1b88c9c0-24c0-4662-9194-47d8ac0e6960,38.912213,-77.065998,52,08062019-12:52:58
832ad0cf-d635-4b89-963a-c37b5a50dbbb,38.897802,-77.028438,72,08062019-12:52:58
c07b1862-3188-4e9b-aae1-c2ff2b9fb189,38.897357,-77.023706,79,08062019-12:52:58
37955f0e-fa3c-4e71-9846-bb6310f25627,38.901762,-77.061211,60,08062019-12:52:58
eed528e7-4c98-4e76-abec-750d373ba676,38.903259,-77.061295,58,08062019-12:52:58
946f5427-1b9e-42c8-aa4b-7bfad7f93d25,38.903535,-77.034506,95,08062019-12:52:58
2c49c96b-ec65-4483-a786-452e04cb2059,38.89885,-77.04864,100,08062019-12:52:58
8ec0237d-9abc-4f38-9890-d1a70bd5e3ce,38.895314,-77.031736,91,08062019-12:52:58
bf75ed56-4700-4c57-906c-6d95869f0add,38.911825,-77.031792,83,08062019-12:52:58
9dbab348-1004-4d79-90ed-d18794098140,38.911134,-77.032393,81,08062019-12:52:58
a1fadde3-d4f6-4877-97dd-96f999eddd42,38.892332,-77.026051,83,08062019-12:52:58
4dcda9d2-4607-4327-8870-3d37731a5909,38.90849,-77.063792,46,08062019-12:52:58
47a06cc1-a6ed-4686-a69d-6931e696adc2,38.901436,-77.031793,100,08062019-12:52:58
dca5e265-ca15-4ca5-a7c9-93617d3c226c,38.901324,-77.03167,100,08062019-12:52:58
a3796adb-1c07-4394-a58f-c33a6c35a166,38.902512,-77.029438,67,08062019-12:52:58
b08642fb-f546-4d32-a73d-e1f59f0c54da,38.90306,-77.065904,79,08062019-12:52:58
4a2033ea-29b8-4c26-83f0-405677f88a54,38.887274,-77.022084,59,08062019-12:52:58
483f5c28-66a4-436d-8f31-8fb6864213b6,38.892292935198924,-77.02796047800912,91,08062019-12:52:58
54222a39-b82e-4320-83a7-853cb5f1ddff,38.892185,-77.032264,81,08062019-12:52:58
2c825f47-a4a9-40b8-bca2-2eee8672f5d9,38.890561,-77.024094,84,08062019-12:52:58
ad81b844-34ff-474c-a9b4-640345d4083a,38.892621,-77.046506,87,08062019-12:52:58
97c63ce9-4209-4d41-94f8-1d18de0059da,38.883309,-77.025405,98,08062019-12:52:58
d21cdc7e-8111-4f4c-86a8-cf83f2c0dac7,38.897232,-77.043267,100,08062019-12:52:58
96d1da45-ea74-49d1-8e3f-795659925107,38.902703,-77.048984,96,08062019-12:52:58
489d1d20-a0d0-43a4-bfab-380db7abcae0,38.901401,-77.043325,77,08062019-12:52:58
8714d1c7-fd57-45bb-8f67-c3728f8bdce1,38.898381,-77.041722,63,08062019-12:52:58
ccc49ab9-ca36-4dbc-8b0f-2d0e164bf2d2,38.903708,-77.03297,88,08062019-12:52:58
e2832b8f-737c-4066-8014-53fa0acdb986,38.902825,-77.033454,86,08062019-12:52:58
5d6d0480-934e-4c4c-a0bf-4a0cdb7e96c4,38.904344,-77.058208,77,08062019-12:52:58
eb1f035a-3733-48f3-ac70-0f292d1e7a25,38.8973,-77.023755,77,08062019-12:52:58
36ed3805-7a56-43a8-84c6-223fbe265dbf,38.900613,-77.050291,88,08062019-12:52:58
8a69e326-5c47-4bfb-9724-f8da6bd3a4be,38.902073,-77.061161,100,08062019-12:52:58
07027a55-bb6b-4c6d-81ae-f60807dcc95e,38.899397,-77.019795,60,08062019-12:52:58
793aed8f-269d-41d1-9747-e7f7ffcb32e4,38.902385,-77.043373,100,08062019-12:52:58
4288a4a3-e1ee-4a09-aa02-31da114369ac,38.902575,-77.041247,54,08062019-12:52:58
50d5c65c-9a08-43fc-87db-dc0d923ba955,38.893902,-77.022102,88,08062019-12:52:58
723db601-c302-4db1-9234-99ca806e1d31,38.900919,-77.023572,44,08062019-12:52:58
f2e30ed5-5a01-407d-a931-a02d2bd68ea5,38.893902,-77.022601,39,08062019-12:52:58
c469b467-aec8-4ad9-810e-5fca42dc8068,38.893574,-77.023266,50,08062019-12:52:58
a10c3374-8721-40e5-8a1a-3eab680f9223,38.897365,-77.040026,84,08062019-12:52:58
84f52128-4514-4d71-bc8f-c71a8b66ddba,38.898779,-77.039601,91,08062019-12:52:58
5bc220ce-c798-4e8f-bb09-fe323505f1c7,38.897377909197374,-77.02824007726929,76,08062019-12:52:58
ee11f7cd-a9d4-49f5-be80-9f8b1febc071,38.89234,-77.021439,72,08062019-12:52:58
9ebe8644-e297-4bae-8330-73291166abc9,38.900494,-77.030238,92,08062019-12:52:58
6e472ab5-ed97-4234-a873-03da7b245951,38.90256,-77.033384,58,08062019-12:52:58
ce2bdc4a-e56a-4cb0-8849-85978e6afd60,38.897465,-77.043522,62,08062019-12:52:58
763776bf-78b5-45d6-8968-ad22a1296f80,38.897333,-77.043401,100,08062019-12:52:58
38417193-0027-493b-97bc-5f885ea4c9e9,38.897202,-77.043257,100,08062019-12:52:58
57952ae3-47c2-49ec-b207-01afb73a8e25,38.917301,-77.040796,91,08062019-12:52:58
d37d4efc-1cf4-4042-b408-560e87db02c7,38.900616,-77.032734,96,08062019-12:52:58
c0273345-a61c-40cc-8799-ac615a4199f5,38.901404,-77.031779,100,08062019-12:52:58
ad14adad-553d-4969-b216-51641e16483b,38.891723,-77.01971,70,08062019-12:52:58
7219639c-cbce-4a28-af55-99b8d221a09d,38.89507373921796,-77.0370351071371,91,08062019-12:52:58
57083ac1-ab35-4777-97f5-4afacbdaf506,38.937887,-77.020347,91,08062019-12:52:58
e32f4155-286b-4dc9-a7bb-bbea83813d70,38.897068,-77.031539,74,08062019-12:52:58
b27aa2fe-d961-4a72-b4c4-77bfefb0c085,38.901261,-77.041559,100,08062019-12:52:58
bfeb5594-a18d-47f6-bd36-77582442563c,38.90028,-77.033693,61,08062019-12:52:58
140e7670-e9aa-473b-a73c-5b77ca93dcfd,38.908165,-77.085095,100,08062019-12:52:58
1d8127db-fdd7-4924-8b29-4908735242f1,38.898498,-77.022864,100,08062019-12:52:58
d0b5006a-be56-4f94-b228-3604720b035d,38.8993611362071,-77.01396849420597,74,08062019-12:52:58
f5f29e20-dd7b-4523-a3de-f615801bebbc,38.892308,-77.04736,100,08062019-12:52:58
f8b68bad-9c89-4a57-b3cf-e553d769c9b7,38.954799,-77.026594,85,08062019-12:52:58
7f12b91b-a852-46c4-a8a5-75bcd130a6f2,38.913026718900866,-77.03497072554366,66,08062019-12:52:58
3cfdb305-173b-460e-9d15-e8cea3d9a34c,38.904238,-77.058099,63,08062019-12:52:58
2681420f-f1c8-4395-a5fb-d3e1325c946e,38.896858,-77.026218,93,08062019-12:52:58
e5b84e9e-6be5-4385-bd42-e49fb95ace93,38.892298,-77.021276,100,08062019-12:52:58
42db5e13-b729-4b63-9729-0c064504648d,38.898548,-77.022913,88,08062019-12:52:58
90ad10da-2e26-49d6-8432-d2258880d548,38.876479,-77.003927,100,08062019-12:52:58
2224c042-7f08-4aae-87c6-a588b5cc888e,38.880279036275,-76.99383202947396,98,08062019-12:52:58
ac52a541-443f-4f9d-9415-c80437157bd7,38.898085,-77.033848,69,08062019-12:52:58
dd999fba-3eea-4f59-afb7-e9f9694af824,38.908666,-77.023958,63,08062019-12:52:58
04869e1c-601b-414f-8fdd-fb02d79f8673,38.880073,-76.996274,98,08062019-12:52:58
efe760c1-4701-40f2-95f2-ae633679581a,38.916786,-77.031937,88,08062019-12:52:58
2b4ae8a2-d3fe-4c51-b638-d5a372cf9b73,38.909731,-77.047866,100,08062019-12:52:58
a5a14cbe-9a8e-4215-9da4-fa18adda27c4,38.900618,-77.048729,76,08062019-12:52:58
0f3474bd-352b-4ee7-af30-6f1c7ca30550,38.925541,-77.053025,90,08062019-12:52:58
1011a1fe-8ef3-44f9-bab1-d47e75b3c33a,38.915943,-77.046828,100,08062019-12:52:58
cc4b7bd5-a1b4-4f6f-bda5-238609387b0b,38.892193,-77.04741,100,08062019-12:52:58
edd043c7-6a9d-42de-9643-31cdaace6048,38.917117,-77.048826,76,08062019-12:52:58
6dd2fa86-cd98-4163-afec-a3a09c597ab1,38.904996,-77.065837,74,08062019-12:52:58
987c04a9-b71c-4524-9a83-2625bef96cc9,38.903141153712426,-77.06552433291345,84,08062019-12:52:58
9d94d19f-2f24-4f65-8939-e7a21766c6ca,38.928437,-77.013932,76,08062019-12:52:58
9d7bbc0e-132e-496d-bbe8-76bf14c9301b,38.892165,-77.047399,100,08062019-12:52:58
a62e1c8e-af11-4cfd-ba34-db3e755becba,38.904366,-77.061067,81,08062019-12:52:58
96135312-4bbd-4798-a67b-84e93957737f,38.90446,-77.065201,91,08062019-12:52:58
bf529f79-9b9e-4f83-a3b5-b8504748839f,38.903121,-77.060267,87,08062019-12:52:58
cd63231b-7794-41fc-be42-6d91f3f98d20,38.886324,-77.004771,93,08062019-12:52:58
23e9e125-29c3-46e4-8a9d-66f8f836d07f,38.901181,-77.03643,99,08062019-12:52:58
57427d9e-f22b-462c-9099-9d207a8e20f1,38.900129,-77.033633,36,08062019-12:52:58
bb24a85e-c603-45ef-ad01-391391e5a216,38.901283,-77.036593,71,08062019-12:52:58
7353479f-8868-4b5a-b7ee-93c917dc32ef,38.899949,-77.033677,75,08062019-12:52:58
7b1ffc20-7cf5-453d-b919-9fe3c7006573,38.8989,-77.033738,73,08062019-12:52:58
4d780dcf-cf01-485e-b963-30761fab1a66,38.897027,-77.039739,80,08062019-12:52:58
041f3cd8-6e76-4bbd-b815-da65d3a1382b,38.894881,-77.039298,97,08062019-12:52:58
eed7987f-467b-4165-989a-6c5495c76cc1,38.903141,-77.038429,52,08062019-12:52:58
770d989c-9cb6-427b-9643-a5b068e2a47b,38.901248,-77.038716,100,08062019-12:52:58
121c73ea-acf7-4cb1-bf03-a52f78d1d39f,38.903266,-77.040446,37,08062019-12:52:58
d575f299-51c3-4c2d-9d29-8a3663d3f107,38.895325,-77.031758,62,08062019-12:52:58
4269c2de-f5c3-4cde-9125-8fae5922548a,38.902928,-77.065477,45,08062019-12:52:58
202df8c1-56d4-421b-8950-4f7f770c1eca,38.898528,-77.023057,77,08062019-12:52:58
d6cce237-b426-47d0-808d-2cc6f72d9776,38.89844,-77.021346,95,08062019-12:52:58
60e5a18b-fae1-4a1e-86eb-95c4fc03332c,38.897491,-77.043169,87,08062019-12:52:58
24438675-2190-49e1-8918-34c150d707e0,38.898418,-77.043764,94,08062019-12:52:58
c75deeeb-7869-4738-939c-516628caf617,38.901256,-77.031904,100,08062019-12:52:58
3cb74e7c-a3f1-44bb-affb-a5c968dba342,38.901468,-77.031842,100,08062019-12:52:58
1a7361be-feeb-4aa0-9782-55d467e8b2af,38.901199,-77.03262,80,08062019-12:52:58
3c8ddb21-3930-47fc-ae03-f319a34516e0,38.896249,-77.046192,70,08062019-12:52:58
a3f5be8e-6355-4105-acde-af6143a25089,38.897402,-77.046908,73,08062019-12:52:58
f4a705b9-43e8-4c06-af41-14086f88c9ec,38.8974804,-77.0333025,100,08062019-12:52:58
2ec5a5fc-522e-4bbd-b99f-feca83ce02b6,38.905961,-77.041862,95,08062019-12:52:58
3a240d1b-7c3f-45d7-9aa9-559db4f0a18a,38.893691,-77.003233,43,08062019-12:52:58
3be4d872-1a8c-4bcb-88b1-f0c9854886cf,38.887368,-77.001957,76,08062019-12:52:58
947f2d89-a177-48b9-ac3a-778a593f18d6,38.890341,-77.030046,71,08062019-12:52:58
29a07cfd-859c-4ac0-af62-07f0502794bb,38.897479,-77.032566,100,08062019-12:52:58
da6b4d49-bd24-4115-9442-745327109777,38.897396,-77.030872,63,08062019-12:52:58
25790e2e-b88d-482a-9ee5-6a6662bbbcc5,38.89748,-77.029517,84,08062019-12:52:58
044fed33-5ef4-46c6-a670-7f87ccc63a75,38.89727112243393,-77.03014246861328,37,08062019-12:52:58
187721a8-b9ca-41e8-9c2f-82a316bbe2d5,38.902466,-77.036963,88,08062019-12:52:58
d8ff382f-cf3f-47bb-bc55-0115f4c94590,38.89307,-76.998979,76,08062019-12:52:58
e7735ad2-4408-49b4-96a2-c34c5e0d48ba,38.896646,-77.054998,100,08062019-12:52:58
e1cf42d0-7d20-4dec-ac0f-5eb22b46e722,38.902685,-77.003221,66,08062019-12:52:58
b0e3c153-2a77-4ae5-81f1-ae20fda394f0,38.898553,-77.030663,90,08062019-12:52:58
04eace48-aeae-4592-8344-962047c33339,38.903689,-77.031018,67,08062019-12:52:58
0009e62d-daa5-40f1-a651-2b6f160cbac8,38.884197,-76.995664,96,08062019-12:52:58
81182aa1-d8ed-4a0c-aad2-ee6a8f97584f,38.882765,-76.992965,73,08062019-12:52:58
1ae56f83-9986-4b00-bfb3-1015d659a5ce,38.902559,-77.034378,94,08062019-12:52:58
457f7815-0f98-41a8-8657-d0f0df2113b7,38.900849,-77.033872,82,08062019-12:52:58
1f6eacf4-a1e9-4e2e-afe4-b32771f742a9,38.901807,-77.033783,68,08062019-12:52:58
46dea3c5-7a8f-471a-b076-a32e77881e2d,38.901606,-77.034026,100,08062019-12:52:58
89b45af2-ec13-4f8e-ab16-c8dce652fafa,38.9009920601164,-77.03451208777449,100,08062019-12:52:58
43081e63-1ea5-44c5-92e4-879dd06f13e7,38.894073,-77.028382,89,08062019-12:52:58
ba74206c-eaaf-4715-aa60-98f66c814e23,38.900742,-77.050357,100,08062019-12:52:58
5c568393-f9ee-4f05-803b-4f3c3757c651,38.898888,-77.048726,100,08062019-12:52:58
d68c99e6-5ed0-4949-802c-a08ae5d5b680,38.902434,-77.049201,92,08062019-12:52:58
9c8f75e4-afcf-45c2-b060-a994bd796f92,38.8962,-77.048923,79,08062019-12:52:58
3c16759f-54c0-4292-a5db-55efc3932794,38.896668,-77.050914,73,08062019-12:52:58
bcdcef43-c16a-4f2a-902c-d1e30a11738b,38.899508,-77.046867,76,08062019-12:52:58
6c008275-4589-4c23-aa5f-d2f8d388f2c1,38.896542,-77.02977,92,08062019-12:52:58
ca47d3f4-5e46-4039-a148-26e8be46f71c,38.902955,-77.029373,86,08062019-12:52:58
e20871ea-caf9-43d8-9471-14e53c9df8e1,38.902735,-77.029653,98,08062019-12:52:58
048040cf-3624-45da-b603-1210dd9ddd1c,38.899289,-77.033094,87,08062019-12:52:58
e12c0f13-548f-4e3f-857b-3634ce1e4b0d,38.88608825766853,-77.03178270054921,79,08062019-12:52:58
660b5b4d-e83f-4455-95d8-4e06d013fd01,38.888689,-77.028932,87,08062019-12:52:58
134b9d21-d7d9-4cbf-b46a-ae954412cc63,38.884744,-77.026381,50,08062019-12:52:58
4f311504-fc38-47e2-b7b5-504a1c8e8f70,38.880496,-77.004029,84,08062019-12:52:58
5d3db788-6fe9-48da-a967-ed55d9451cc5,38.881215,-76.995147,98,08062019-12:52:58
51c7c680-04af-4ba8-a025-1f45a5722adf,38.908278,-77.041755,70,08062019-12:52:58
62998389-64d8-4170-a8ce-72d715363232,38.904545,-77.04462,100,08062019-12:52:58
095782ee-d688-4529-a09a-1de9bbdffaf5,38.905103,-77.043634,88,08062019-12:52:58
7ffe521b-6c5d-4a8f-9d6d-ef9a3d25b17a,38.904648,-77.050393,77,08062019-12:52:58
c18c1932-1999-48c4-bb89-80dc88798bf1,38.907974,-77.069039,75,08062019-12:52:58
e150ef0c-64da-40a6-a95d-b9ad5f09a460,38.904214888451,-77.05921239770356,100,08062019-12:52:58
f5b255af-c35b-438b-a0a8-be44943e102d,38.905277,-77.059719,100,08062019-12:52:58
448fc631-3fda-44f9-8be0-60e6a8756a7f,38.905928,-77.065925,68,08062019-12:52:58
16fa35c5-5b07-45fc-a7c6-abd3e2e72ef9,38.904483,-77.062835,68,08062019-12:52:58
730a7775-2917-49ff-b487-ccbf93447d86,38.912677,-77.012328,27,08062019-12:52:58
7bffaf6a-d831-421e-bff9-ceed117a269c,38.885018,-77.021516,81,08062019-12:52:58
84cf73d2-89e3-4850-97a1-80eb546986bd,38.893042,-77.021899,97,08062019-12:52:58
127c7ddc-c6b9-471a-9196-e4f9584314b0,38.892241,-77.021428,69,08062019-12:52:58
f2d81d02-f01b-40b3-97fd-f1f6d142aafa,38.895186,-77.022116,100,08062019-12:52:58
cd50081c-357b-47c4-a4fe-7c665cb92fc5,38.893965,-77.021409,79,08062019-12:52:58
3fa8436e-36c0-4fd9-97f9-6e047031da75,38.895315,-77.021921,73,08062019-12:52:58
075fc3aa-8846-4c72-8336-c4fdb5dd38ed,38.885049416044,-77.00534271102885,100,08062019-12:52:58
d5f81d4a-85ca-4d0d-a0aa-7cb4dad12fd2,38.907984,-76.997073,80,08062019-12:52:58
5c3efb13-2caa-474f-91b9-a9d188cdd6dc,38.888582,-77.008335,93,08062019-12:52:58
ca68b43d-59de-4006-afa0-0aafc2a09d98,38.89286291323499,-77.01939247555752,98,08062019-12:52:58
b8bc078c-9110-4cea-a000-cf84a332dd8f,38.881323,-77.017693,97,08062019-12:52:58
2a6b0d68-cdb3-437d-b6eb-274f68883e64,38.884789,-77.026364,50,08062019-12:52:58
c0b680c5-169c-4166-8ff3-747b854a73be,38.896038,-77.024187,91,08062019-12:52:58
6111d1f3-b596-4af6-bd72-b0f836bc8f0b,38.915584,-77.025412,77,08062019-12:52:58
4103c648-713b-4751-b53c-c2392bd96a83,38.884128,-77.008247,87,08062019-12:52:58
f9bbac22-15d2-43d6-8f3b-55b99da413ab,38.907813,-77.023944,81,08062019-12:52:58
18f9c75d-b9cb-4322-bcca-d1b6e5ff6ffd,38.892316,-77.026714,98,08062019-12:52:58
1bf4af6f-4532-469e-bbff-ef7fa9021587,38.89737883923144,-77.02790530768179,39,08062019-12:52:58
98f4f421-26cb-4031-b302-fe5a54911530,38.885866,-77.005796,71,08062019-12:52:58
806cf1af-229e-4edd-adce-6c17d4a49e95,38.899035,-77.019766,100,08062019-12:52:58
11806e89-4528-4ddb-972e-d95c47313b07,38.934037,-77.025483,96,08062019-12:52:58
f1d87116-e479-4b9a-83e0-53fa26d0ab9d,38.901256,-77.027067,92,08062019-12:52:58
dc4f80dd-cb46-491e-acf6-e2d4160c4204,38.901102,-77.028444,77,08062019-12:52:58
50e7a728-c304-4a31-86c2-ef051e616cd7,38.893945,-77.022102,92,08062019-12:52:58
93b28acc-478a-4a30-b34c-7e3886c3d9bd,38.887644,-77.019797,85,08062019-12:52:58
b07b1dde-14ad-4534-8f00-76dd470d5f56,38.900072,-77.027926,79,08062019-12:52:58
34a528ba-a63f-469d-b390-f60521fcb116,38.902994,-77.028475,86,08062019-12:52:58
11435341-24d6-4538-8e44-7db36fd7c60c,38.907114,-77.02906,58,08062019-12:52:58
8d242cd0-b821-40dc-8d18-ff8890076ee3,38.876654,-77.000189,81,08062019-12:52:58
a5fa56cc-f7e4-4dca-9b3c-8740646a66d0,38.886901,-77.001222,66,08062019-12:52:58
0ca471da-36a6-4a3f-b5e6-d8c35eebcdec,38.89225618270488,-77.01497408033748,93,08062019-12:52:58
28dfedbf-de68-42d3-bea7-33717d8e04ec,38.88465816158697,-76.994823189524,68,08062019-12:52:58
4f7acc39-ebf2-4b2e-a21c-c51c9bd184cf,38.896173,-77.008925,85,08062019-12:52:58
3555a4e1-77fc-4958-b12e-1d4c91c7d206,38.875493,-77.015266,68,08062019-12:52:58
5111b6ea-47e2-412d-b1b2-f8556be4d8c2,38.902935,-77.032205,88,08062019-12:52:58
f085993d-92f9-4183-9fba-02eb8e2c1cfb,38.901439,-77.031927,100,08062019-12:52:58
d95dd7ec-6e15-462b-a300-35f6ccf41054,38.911065,-77.004649,100,08062019-12:52:58
6df1b03d-7666-4fc8-acb9-d32c5b44f5a1,38.922333,-77.046276,88,08062019-12:52:58
2714d512-c42c-4f4b-8011-53fe854058e2,38.90565440006694,-77.0424674117463,95,08062019-12:52:58
3098ec45-1be3-48c5-adcd-8fefb861fd92,38.900431,-77.034111,92,08062019-12:52:58
7fb6c825-33c4-4433-96dd-3f8963cf9c73,38.902058,-77.033802,88,08062019-12:52:58
3809c4bd-0758-43aa-b5c2-3ba1055cd499,38.905549,-77.062811,80,08062019-12:52:58
89d83ecd-73e0-497b-bd24-f8ab60aae1b7,38.874454,-77.00133,58,08062019-12:52:58
65a85414-2b4c-4937-83bc-39d72e210dc3,38.90481567479568,-77.04005076557122,96,08062019-12:52:58
6e073cb0-72c7-4840-b9aa-d005a55e03f8,38.901805,-77.038753,91,08062019-12:52:58
6990c84a-8a70-42ef-873d-1537c2cea767,38.905347,-77.060387,81,08062019-12:52:58
44083e73-9f47-4a26-aa08-0b12a29876e3,38.892266,-77.049884,86,08062019-12:52:58
973ea3d0-d344-4099-9640-27b6775fe54c,38.892227,-77.047392,100,08062019-12:52:58
cf03ea2c-f525-4a74-b3ee-bed2e8226a30,38.90546682294356,-77.04627164646708,100,08062019-12:52:58
cd3194ca-89b8-4ea6-b7f6-172c07c2f656,38.893349,-77.044913,88,08062019-12:52:58
8edbb2bc-83c7-45f8-a39d-83e9f683d169,38.907531,-76.980419,54,08062019-12:52:58
b1d60971-c12d-4479-8ab0-92b6be95090e,38.905643,-77.044879,76,08062019-12:52:58
3bb2324a-7638-450f-ae6c-a210a23e5adc,38.928854,-77.032978,76,08062019-12:52:58
082d1f1a-779d-468d-bffb-2471783bbcac,38.907364,-77.037271,97,08062019-12:52:58
5899fa0f-0f58-47ac-9262-621a79a9c0d8,38.901954,-77.026714,81,08062019-12:52:58
9bda3169-38c3-4a56-91cb-8995b28cbf61,38.876627,-77.009446,97,08062019-12:52:58
a28b07b5-2cb5-4c5f-85d0-e6943454fa24,38.906408,-77.047447,44,08062019-12:52:58
929148d0-e6bb-41ae-b524-334cbd890ccb,38.900531,-77.045572,94,08062019-12:52:58
8288e517-77ff-4282-85a2-ef7ba592af93,38.900367,-77.033791,59,08062019-12:52:58
47b7c4f9-8d92-4319-8cb4-5b784778d83d,38.901721,-77.033344,72,08062019-12:52:58
54d4ca2f-ff13-419e-af75-b9550a0bbf74,38.897024,-77.031804,37,08062019-12:52:58
213e56cb-b3e9-4921-a5d3-ccd25b5c9f3d,38.899576,-77.039399,95,08062019-12:52:58
bd212c85-8915-44e9-bc53-76a992a50ce1,38.90513,-77.002782,46,08062019-12:52:58
aab06681-adba-4ce2-9e74-ebcd67b1648b,38.918186,-77.002132,69,08062019-12:52:58
e41ee0dd-ab1f-4f48-a0a5-0f0d5cf6d25a,38.884783,-77.02635,43,08062019-12:52:58
e5814f4f-a9af-47a2-b3c6-acb45d7dd8b7,38.902428,-77.028096,100,08062019-12:52:58
1077b106-2d96-4178-a55f-8833ea663320,38.892187,-77.047334,100,08062019-12:52:58
cf685b79-d294-4bec-bc54-9f6606fb7170,38.903684,-77.041873,59,08062019-12:52:58
a49db9f1-b5df-4950-a485-c83dbce4ccdf,38.900466,-77.044629,66,08062019-12:52:58
66989ad1-3c8b-4b27-a75b-3abee9ab2e89,38.903806,-77.044057,98,08062019-12:52:58
9b677bb8-9866-4710-8a45-28a6369eda23,38.904485,-77.050255,68,08062019-12:52:58
56e3bf7f-7ee9-4c9a-88a0-b8cbf8d10d54,38.894889,-77.028536,94,08062019-12:52:58
efb2a928-985d-4868-a63b-99fc571419a7,38.904027,-77.043154,98,08062019-12:52:58
6ad26e45-48bc-4a11-8ab8-6e017430747b,38.908568,-76.997957,81,08062019-12:52:58
0e69be54-7e23-4b45-834b-ac11e47ee230,38.906961,-77.046653,100,08062019-12:52:58
cf1442d8-21c1-4d46-b6ce-9ec62d5802a3,38.902854,-77.033853,64,08062019-12:52:58
a5b603ec-e57a-452f-ad3c-c97b714fb803,38.902375,-77.038587,100,08062019-12:52:58
5a9bd6c7-09ba-4daa-8fb4-842e30c55bad,38.906888,-77.037156,93,08062019-12:52:58
e0f40585-446e-46c4-8fb5-f254997c5122,38.90759,-77.002656,80,08062019-12:52:58
560ac7ec-e29a-4090-aac8-defbb6601606,38.909573,-77.038285,100,08062019-12:52:58
e2915623-bce3-4490-8fa8-d1a474eff4e9,38.928829,-77.033079,69,08062019-12:52:58
041bcc15-7ef3-4186-9ac9-93ba707f66c8,38.90715270957798,-77.03216238492608,94,08062019-12:52:58
805c356f-dea9-4925-b809-ef9eec327faa,38.88991,-77.002368,94,08062019-12:52:58
739e3302-5faa-44f8-971d-c25fa4bc033e,38.883763,-76.996054,100,08062019-12:52:58
4f55c021-b7c0-4da8-a0eb-00b0abf958f9,38.880601,-76.995595,91,08062019-12:52:58
bdbcb0fd-9408-42f8-9d80-1580decddd1f,38.911133,-77.004657,100,08062019-12:52:58
4ace8d24-58ff-415d-a1ef-fc267e83baac,38.900306,-77.000056,52,08062019-12:52:58
f358e224-5ef5-470d-85b4-3db10120ca04,38.880367,-76.986295,81,08062019-12:52:58
5b90190c-908e-4436-b03f-5644ea72ec0b,38.900531,-77.00762,75,08062019-12:52:58
31e0d61e-418f-4152-a5c0-1e05c3d85504,38.87824242676187,-76.9964123656527,100,08062019-12:52:58
af345146-72e1-404e-ac1c-f3951882d754,38.901349,-77.034542,100,08062019-12:52:58
1ffe2581-67da-43f4-a060-02e5b36e29d5,38.862329,-76.994623,73,08062019-12:52:58
67ed817b-d034-415b-bfa9-e148e3102ec8,38.879371,-77.023876,77,08062019-12:52:58
3f12c771-6308-4d51-b98f-f0afc422e862,38.898649,-77.0228,98,08062019-12:52:58
bf10cd93-eae0-401a-a121-49605c82f257,38.900949,-77.022871,99,08062019-12:52:58
0971dba9-d708-4f72-8862-bc28cee5cb3f,38.89215912673519,-77.04867281026863,77,08062019-12:52:58
39c2b894-6ca5-4be7-9b1c-d84a2edde900,38.892209,-77.047442,100,08062019-12:52:58
88626743-5a73-4fc2-a2d2-6f20a56d18ca,38.895978,-77.030245,80,08062019-12:52:58
83362e6b-835e-414d-9f18-44550ac1327e,38.90766455141486,-77.03563260173622,58,08062019-12:52:58
a0b86e34-b88c-4454-b339-83a4c1647494,38.906313,-77.042976,50,08062019-12:52:58
06b6fe7b-9d76-41bd-8925-3a69881ea7c9,38.892179753063324,-77.03398712551055,89,08062019-12:52:58
4db29a13-c26e-4934-a71c-43c2b42fb279,38.908512,-76.998058,79,08062019-12:52:58
4f20dd05-2224-4c85-8d4f-324f3ef8aeb0,38.904034,-77.058218,81,08062019-12:52:58
bf21c50d-f834-4ffb-b706-e8c8c7f6bf3e,38.895995,-77.054372,91,08062019-12:52:58
b5579f3f-22a0-4d54-9af6-f93fbb435231,38.896051,-77.050827,92,08062019-12:52:58
56c0bf3d-d803-4532-9549-51c3e573802c,38.901538,-77.031925,100,08062019-12:52:58
8aad133a-1452-423b-a346-6b79569d626c,38.903616,-77.038213,44,08062019-12:52:58
559b4c0a-2aea-4d97-9aad-a5e369deeec4,38.903952,-77.038181,86,08062019-12:52:58
c5e23d19-4df5-4354-8f6f-e0175e7b44df,38.903871,-77.03757,87,08062019-12:52:58
9d2a848e-232d-4e02-ae68-5af1ca5d1d0d,38.898701,-77.039134,96,08062019-12:52:58
8ccb6380-150e-46c5-9dae-41a7b46a0327,38.8848,-77.005968,96,08062019-12:52:58
f3bb0198-eafd-46fa-adbd-565399bd1392,38.90636960268644,-77.0482054474416,93,08062019-12:52:58
6eaf1c72-12c2-4855-a78a-e690b3ab8516,38.902978,-77.021295,45,08062019-12:52:58
b74c9cc9-2d15-4fb9-b796-20f7f9355633,38.899077,-77.032313,65,08062019-12:52:58
95656ba1-8708-4b3d-8136-a8c96df55db1,38.897846,-77.031835,81,08062019-12:52:58
beaef62c-393a-4402-b532-5577bda49d58,38.907369,-77.04342,98,08062019-12:52:58
70456009-6384-4117-8819-ca99da8069de,38.906783,-77.042063,90,08062019-12:52:58
614884fd-1dfe-40b5-9c58-79f5fd82db97,38.90724858301367,-77.04277662354693,41,08062019-12:52:58
bc7c42ed-1391-482b-a092-4df923934d5e,38.892064,-77.0333169,100,08062019-12:52:58
b6128238-ba62-4aaa-bc93-0f010293b328,38.901641,-77.041431,95,08062019-12:52:58
74c0c05c-75bf-45b7-be0f-dfee515070e1,38.879414,-77.023833,70,08062019-12:52:58
55210424-3bd1-455a-a028-3a5a9f6c84b3,38.89857,-77.022952,95,08062019-12:52:58
713d6c18-c59e-467d-9412-82b4257f5d9f,38.896527,-77.023985,95,08062019-12:52:58
8542c7d2-2b6a-47e0-abc3-ef86a29cf497,38.915352,-77.044576,100,08062019-12:52:58
90349bd7-b0e1-4db7-b382-b27061a2b65e,38.894783,-77.023038,83,08062019-12:52:58
249ea7cc-1051-4641-9085-398ec855eba7,38.906352,-77.039268,93,08062019-12:52:58
35650e57-1395-4492-954a-7c7975c0fd4d,38.90454,-77.040721,98,08062019-12:52:58
a9ba4220-bb07-4d42-b13f-58d6a3a36508,38.906056,-77.041321,96,08062019-12:52:58
c7697eba-d024-4119-bc9a-11260130cb75,38.899918,-77.022007,62,08062019-12:52:58
88ff2589-7679-4d00-8222-24fff9782842,38.903294,-77.040099,100,08062019-12:52:58
f61c7a22-cf57-4116-bb38-321063950895,38.912907,-77.026009,93,08062019-12:52:58
99762766-5eaf-407a-b397-c7dae8f704cb,38.911504,-77.024811,95,08062019-12:52:58
73adaf12-953f-4ad5-aefa-94c3c0659e39,38.908792,-77.023843,95,08062019-12:52:58
6b654157-3f51-41ed-a83d-477b06ee8392,38.905281,-77.045179,96,08062019-12:52:58
7be230f2-29dc-4d55-9e2f-6a6d92f33628,38.920407,-77.03203,57,08062019-12:52:58
907b4caa-4d4c-42b1-8806-cac104cf72e6,38.898272,-77.044957,100,08062019-12:52:58
6db3849c-6549-4bc2-8029-2d0cd19698f8,38.898303,-77.044938,100,08062019-12:52:58
38dfd9d3-8804-480f-983f-9d91d2fcc7d6,38.896148,-77.04619,88,08062019-12:52:58
4218a915-38d5-4909-80fe-5a872c564b19,38.900404,-77.044813,92,08062019-12:52:58
e13fd127-dbad-4850-a884-f8825ad69674,38.903405,-77.022078,90,08062019-12:52:58
3418e9dd-5cf8-49a1-aa39-3c7b0320edc6,38.909458,-77.023145,81,08062019-12:52:58
d1f8f4d4-e5ec-4037-b129-f2675750220c,38.902258,-77.039284,100,08062019-12:52:58
1b9a176d-e92d-4019-b099-1576045284ee,38.900207,-77.03954,98,08062019-12:52:58
65bf66dc-5414-42e1-bcc0-3d7232244fab,38.901583,-77.039848,76,08062019-12:52:58
af4e8366-7136-4723-b889-939e811533a8,38.901539,-77.040328,100,08062019-12:52:58
4c20eabe-2680-48a8-8784-8b820b62f426,38.902756,-77.036017,65,08062019-12:52:58
cbe36c71-1cd4-4134-8c2b-adf5585c5fb7,38.910471,-77.041506,91,08062019-12:52:58
e0c8321d-08d5-4c89-b137-962e167773a8,38.895422,-77.027902,99,08062019-12:52:58
bcfd3a69-451f-44db-b313-0ec07b5605b7,38.897127,-77.028664,72,08062019-12:52:58
aebb7093-d5c1-4b7e-9ced-048ea4da9a19,38.914039,-77.075586,78,08062019-12:52:58
8aeb841e-f784-4f0f-a9f9-54a7c358f5dc,38.912212,-77.075951,79,08062019-12:52:58
232f0b69-a5d7-4632-92b1-606f1aedab36,38.893939,-77.03184,71,08062019-12:52:58
06c8e978-0748-4c72-99fc-408e86d9bfbb,38.887435,-77.002093,91,08062019-12:52:58
273a1fd6-88a2-4a29-a624-a0703048cb29,38.903731666666665,-77.03013666666668,89,08062019-12:52:58
1fc66ba5-015e-40a0-885b-0b1a963502a0,38.894977,-77.021654,40,08062019-12:52:58
6fddf2c7-0538-4619-ae25-6440177d447d,38.914301,-77.066887,78,08062019-12:52:58
0b9a2a8a-5f77-4766-8d79-a7bc3c0e1677,38.900582,-77.050247,100,08062019-12:52:58
7b3d4f99-1e81-4597-8cf0-b58861b39db7,38.898421,-77.029417,91,08062019-12:52:58
acb1d941-7468-4cd4-8df5-10b367bf90f3,38.898106,-77.051603,98,08062019-12:52:58
9c3d1f87-650f-4ee9-b56f-634b4488c9b1,38.907764,-77.031948,100,08062019-12:52:58
39bb9895-92e5-428c-a03b-cbadcb436fc0,38.907109,-77.037162,73,08062019-12:52:58
963dc8e7-a6d2-4b22-ad19-f7a17f3b0ccf,38.889478,-77.014951,74,08062019-12:52:58
391eef2f-5997-4e68-bf61-b4e2769776ee,38.904122,-77.047429,98,08062019-12:52:58
ca387e79-dbf3-49e3-8bf5-d6c20e18f21a,38.901274,-77.033591,100,08062019-12:52:58
30dec300-4302-45b5-9d1a-a28d28c55656,38.901231,-77.033646,92,08062019-12:52:58
e12fc925-ac87-44e2-a140-9b149e93f850,38.900872,-77.03483,100,08062019-12:52:58
b3bc4cb9-e76b-4baa-ad02-ff5d49f28601,38.90358,-77.043072,53,08062019-12:52:58
c718c85f-4a64-4c6d-b96a-390557de4f1a,38.937373,-77.024308,100,08062019-12:52:58
00f009de-0866-4063-bff8-39edd64b0e78,38.901139,-77.031659,60,08062019-12:52:58
563425ee-b6cd-46c6-a8f5-7dbf0d271dee,38.892202,-77.027956,100,08062019-12:52:58
13f4a739-eec8-46ee-af56-d4adf456f403,38.886088,-77.031684,37,08062019-12:52:58
c9aab811-5a86-44f2-a39e-429a0789c5af,38.88477,-77.026354,64,08062019-12:52:58
b339cefe-b819-453d-88f7-ae99edbf6f23,38.883157,-77.019773,67,08062019-12:52:58
7aa84cdf-92c7-464b-bff0-79c1014abb5a,38.884659,-77.025061,64,08062019-12:52:58
216ad5fd-1896-40d8-8189-e1794c3fbc1f,38.887405,-77.02212,69,08062019-12:52:58
013e22f6-0805-4122-9288-bd42fb0a330f,38.93706,-77.0365,79,08062019-12:52:58
1663d90d-0e5a-4565-9ff0-9b3fd1f58865,38.91117833333333,-77.03476,100,08062019-12:52:58
bc3a86b6-b731-4eae-a043-7144ecf8edfb,38.930758,-77.023609,65,08062019-12:52:58
7c416450-a40d-4019-ad03-558957f5d095,38.89222755608204,-77.03175259925263,62,08062019-12:52:58
bb99f052-6d64-4ec6-8a9a-8c8b235e8fa4,38.923764,-77.036634,68,08062019-12:52:58
93015557-b5bb-4872-91eb-2c6b7f84cb2a,38.898061,-77.029393,65,08062019-12:52:58
372c3877-961c-4984-afcf-19978b68c9a3,38.904158,-77.036699,91,08062019-12:52:58
8f329338-de5d-4e50-8d44-da99229d7ec7,38.905663,-77.036841,94,08062019-12:52:58
3f1b890a-951c-49e6-a685-18272cb16711,38.916846,-77.038704,96,08062019-12:52:58
e543d141-6442-47d8-b107-df91cea37bfa,38.901844,-77.038799,94,08062019-12:52:58
6a41bd59-393b-4b6c-bd4e-5bf0eb024ec9,38.89435,-77.020633,100,08062019-12:52:58
b0c49712-53a0-4dc9-8996-f2041129af14,38.900039,-76.994994,83,08062019-12:52:58
d997ad24-f1ad-466d-ae8e-b8916e477cd7,38.912213,-77.077887,67,08062019-12:52:58
09c6a131-9e8f-434f-9cda-76d45c2409f2,38.892147,-77.048673,88,08062019-12:52:58
435d0aac-d078-486b-b10d-de2af8e9241e,38.892369,-77.049908,85,08062019-12:52:58
69940b19-9335-4d99-a40e-93e2a9bce69b,38.892232,-77.048698,87,08062019-12:52:58
8391c693-22d0-4646-9d40-a80fea49ec9f,38.886185,-77.019719,100,08062019-12:52:58
bf4f774d-e4f2-439a-8674-7894bd5f435c,38.906392,-77.041723,98,08062019-12:52:58
55d6328e-535f-4db0-be15-b35d2730fb09,38.879302,-77.023798,80,08062019-12:52:58
38802fe9-3df2-47a2-a9df-0bcf218db8b1,38.884967,-77.023403,92,08062019-12:52:58
1b554ccb-477e-4883-a0c7-465d978bf43a,38.876938,-77.016514,96,08062019-12:52:58
ae44f1c5-3477-4909-bca5-fb3ea34aabbd,38.87724721807882,-77.01729306027015,96,08062019-12:52:58
7f0c69ca-b08e-41df-88c3-36c2b4ba306e,38.887427,-77.002101,78,08062019-12:52:58
86475ae3-323e-419b-b25b-317242a2a977,38.89224947148064,-77.01471145084172,94,08062019-12:52:58
84360f9d-a6e5-4c0d-b48f-f8d8899a4f02,38.919899,-77.037897,80,08062019-12:52:58
f84dfc54-e6bf-49ee-8021-1c62fff2256f,38.885609,-77.005907,99,08062019-12:52:58
95982b83-6772-4941-8148-2a4b3b4340cf,38.904863,-77.007033,67,08062019-12:52:58
c1a64e11-27e4-41e8-85be-26f6649e958a,38.904263,-77.006061,68,08062019-12:52:58
e3d5bff5-23ab-4131-9f34-8028efd49beb,38.897316,-77.009256,66,08062019-12:52:58
b99e1c55-0f58-46a1-be8f-00f522031123,38.905162,-77.057697,93,08062019-12:52:58
500e7f7f-65e7-4177-a6bf-39cc709261bb,38.902423,-77.047178,97,08062019-12:52:58
ce35ac12-db41-4a64-8705-ae96268eb7e8,38.898195,-77.051386,62,08062019-12:52:58
e66c9a30-c90c-41e4-920f-9c390969a419,38.902498,-77.059973,57,08062019-12:52:58
f5373222-a3d1-476e-842a-25434a543fb6,38.906811,-77.03468,67,08062019-12:52:58
dd4a5893-10d3-4b8c-9585-638c6cb78b1f,38.915435,-77.041577,71,08062019-12:52:58
fa80d1f8-9e20-4e61-bab0-67d21243ecff,38.897225,-77.030153,48,08062019-12:52:58
c48f43b6-9bd0-4c53-bb0d-b4f3707c0edf,38.895891,-77.030028,93,08062019-12:52:58
6d2d3a32-f7dd-4293-9e38-dfecc765378d,38.915929,-77.046525,73,08062019-12:52:58
6a5f5656-e9ea-4b55-afc4-74ded9639d9a,38.906711,-77.041902,83,08062019-12:52:58
5e149ce4-1412-4d97-99f5-cad6ec87cd70,38.906328,-77.042906,81,08062019-12:52:58
d32c9b88-4815-41b2-a247-dc4ac082d4ac,38.90628,-77.041793,77,08062019-12:52:58
bca90393-bef3-48a0-b693-d49e9acacfd8,38.905834,-77.0404,83,08062019-12:52:58
9cda4b64-a09a-4bf6-b040-8f50bae5b7b2,38.905703,-77.0434,100,08062019-12:52:58
87d90341-b27b-476f-bcbe-f5a1332bd9d4,38.90247182262465,-77.04296442734973,82,08062019-12:52:58
b01b27b2-de0b-4680-8aea-925fcc0d3e1b,38.904842,-77.04338,73,08062019-12:52:58
e0fe3dce-b4d7-46ee-af62-0b6f89117496,38.901503,-77.043288,100,08062019-12:52:58
e18d8c65-a267-4371-afd3-f663fd99cbd2,38.90087,-77.041524,99,08062019-12:52:58
c3aed2fd-f238-42fa-bca3-ba24eacc65a3,38.90474,-77.048218,90,08062019-12:52:58
24093ba4-a7a8-448c-9b85-89119c62d6e8,38.899255,-77.047097,76,08062019-12:52:58
07dd122b-9806-41d7-8a79-229be2a1291f,38.905004,-77.06795,51,08062019-12:52:58
21aa1f2a-7530-4303-b785-8dadc7ebc487,38.902399,-77.047803,61,08062019-12:52:58
6a5b7581-37d6-4dfa-ab50-306de5416285,38.900325,-77.050306,100,08062019-12:52:58
d89f9ff3-014b-4999-a454-0fcd1fb2e40e,38.903762,-77.050103,77,08062019-12:52:58
1c4079e9-9f5d-42d4-b77e-f94795c5cc8e,38.902276,-77.051819,100,08062019-12:52:58
93ec1173-2208-4a6f-9852-d6b71561ecc5,38.904829,-77.050331,88,08062019-12:52:58
90ffacf6-19c9-4323-95f8-cf82a61fd800,38.904687,-77.049432,100,08062019-12:52:58
f39df5b2-1a25-472b-baa6-dee7e0e0ed2e,38.899682,-77.05152,100,08062019-12:52:58
dea0ca36-0c50-41b5-9050-665881b8ee5d,38.90083,-77.050096,61,08062019-12:52:58
41bc869f-6b8c-4724-81f8-25aeb37c4111,38.899651,-77.05155,100,08062019-12:52:58
55da73fa-0451-47ed-b346-5b194e755fb6,38.900686,-77.050272,100,08062019-12:52:58
293c2e84-ca1d-40ee-8c8f-8b70aca3da98,38.892039,-77.031584,53,08062019-12:52:58
dbe51320-8f3e-47db-a66c-69ee10153634,38.8921,-77.031628,88,08062019-12:52:58
5962e06b-d492-46b0-862a-a537fb3c2c68,38.88612008469671,-77.03172964851761,97,08062019-12:52:58
b4308b7a-4189-42f8-ba0a-f56a9711e88c,38.883427,-77.009198,67,08062019-12:52:58
5d791a41-f0b0-4b5a-9296-27aa1ace73ef,38.9171,-77.042786,78,08062019-12:52:58
11b9a5cf-4972-4a3f-9db8-dbfacde0465c,38.927443,-77.034264,80,08062019-12:52:58
31dd50bb-6a0a-4bf6-afec-f84651ce8941,38.888797,-77.01964,63,08062019-12:52:58
33725d3d-e517-4933-966d-f428cd90a40c,38.90522,-77.061033,87,08062019-12:52:58
e08cd95f-be71-4279-a866-9f8e0cf015c8,38.905667,-77.053047,86,08062019-12:52:58
b8211273-728a-4590-bd81-a841d0eb9903,38.905619,-77.0451,97,08062019-12:52:58
2f25d184-2e84-4685-bd33-4993e47aa5fd,38.910485,-77.059,54,08062019-12:52:58
360edef4-eec4-4f7f-bfc8-80bc51de6523,38.897325,-77.043336,100,08062019-12:52:58
a631f45d-785b-4235-ad06-4f2ff0db7276,38.897449,-77.043411,100,08062019-12:52:58
d0398c1e-d604-42bd-8abc-0f35a3b7ddf0,38.897421,-77.044307,78,08062019-12:52:58
e41bb88a-134b-47ba-99ad-e84691c345b0,38.90199,-77.02842,100,08062019-12:52:58
e4979848-6be5-4761-a883-0614d156fdce,38.888796516730345,-77.01988223015984,83,08062019-12:52:58
f980764f-ddc3-4730-908b-0d1948b5d246,38.888894,-77.019746,84,08062019-12:52:58
6e95a1bb-595c-4c78-9afd-6d8faf33fd1c,38.891878,-77.043335,93,08062019-12:52:58
ca26a8f6-e3be-47fc-b9ef-b7a31c2d3daa,38.892211,-77.047383,100,08062019-12:52:58
ccb12b30-de99-49a1-8f04-19ce22aafb48,38.892212,-77.047373,100,08062019-12:52:58
25aa46be-2c9a-4cd7-b03a-782a3adfb405,38.892166,-77.04739,100,08062019-12:52:58
08447c6a-98a1-42e2-bff2-8927ff353d95,38.89224,-77.047309,100,08062019-12:52:58
b4a46076-4074-4987-97b2-2898dbe5620c,38.892206,-77.047473,100,08062019-12:52:58
2699e946-0a56-40fd-9017-66b0ba1a86f7,38.908841,-77.032175,76,08062019-12:52:58
3c28aeed-e88e-4cc1-8e3b-4ff1596ce320,38.904044,-77.065787,93,08062019-12:52:58
1fd2808e-b16c-43a1-8134-ec7cd578acb0,38.892322,-77.05034,75,08062019-12:52:58
0d6d5dde-13be-4c7f-b70a-893ac3bb4621,38.910339,-77.034391,77,08062019-12:52:58
214b4d04-ca89-42ec-926d-caef0d0aaf52,38.951441,-77.090524,80,08062019-12:52:58
205ad1f3-2aae-4707-9a61-d108944534e2,38.887374,-77.025774,73,08062019-12:52:58
c157d0b4-726a-4e38-8d0d-64bd6f95cf30,38.887332,-77.022147,58,08062019-12:52:58
4490b1a6-9aec-4bee-aafc-c80b4cf474b0,38.892207699864066,-77.00809442445357,52,08062019-12:52:58
79290967-76c7-4467-9f62-2ddf3232b23d,38.911931,-77.083529,76,08062019-12:52:58
c46093a0-b81c-4d94-8907-0b545c3c9722,38.91063,-77.073951,81,08062019-12:52:58
b6cd7e6e-0ca2-4ddd-ad63-5055c21e9408,38.902625,-77.033363,84,08062019-12:52:58
0b9ff3fe-b709-4b2b-a33f-53960c89b8b0,38.896008,-77.045658,80,08062019-12:52:58
11c84f98-679f-4f87-a995-b51315c19480,38.901585,-77.046794,98,08062019-12:52:58
4f360149-2955-47e4-995c-c1929fc9b117,38.905274,-77.060777,55,08062019-12:52:58
43dbccf6-66e1-4583-b191-ebe2613a507a,38.904997,-77.060607,89,08062019-12:52:58
be510fbb-8be4-4f6d-a74e-2d81b35ba720,38.905357,-77.057086,100,08062019-12:52:58
31957903-4c06-42da-b0a1-522fa59f06fe,38.926615,-77.042263,66,08062019-12:52:58
1bc802e3-f1f2-4448-a0a3-66393bb71b69,38.929661,-77.05504,68,08062019-12:52:58
34eb5ea0-b112-44dc-8343-913506f35677,38.896154,-77.045912,100,08062019-12:52:58
87cbb96e-c470-4c96-a742-0ab7e3b8a24f,38.896092,-77.045687,41,08062019-12:52:58
9af40803-c258-4cef-99dc-3d7338ff5071,38.893265,-77.049978,96,08062019-12:52:58
e3879864-0316-41cd-8255-c33ac8e7c61e,38.893815,-77.045618,94,08062019-12:52:58
7ebb950d-344f-41ce-aaf6-4ce6ffa5b9ed,38.904964,-77.066069,77,08062019-12:52:58
dce0a2fd-9c43-4ea8-9ec0-af5cd5b63494,38.906135,-77.066171,73,08062019-12:52:58
ea1ed983-57c7-4457-b3cd-a3b5db659f26,38.9208979,-77.0000178,100,08062019-12:52:58
5a0efe77-2d86-4a36-810f-2b792ba51d87,38.914639,-77.021886,89,08062019-12:52:58
80a3aa75-038b-429a-9e03-e6969c54be88,38.898333,-77.046336,52,08062019-12:52:58
bbb7c07e-fba6-4fab-bb3f-28b9f2fd664d,38.899007,-77.048765,100,08062019-12:52:58
0679f3fb-da9d-46c1-b03e-a1b598e1b644,38.929579,-77.034692,96,08062019-12:52:58
25b46190-29da-4cb0-95be-34eb045c340a,38.897638,-77.023905,91,08062019-12:52:58
6c83b69b-47dd-4065-80b9-9477afe87910,38.898083,-77.03367,90,08062019-12:52:58
dcc89e01-b9de-43bf-bbce-fe0f8c4fa984,38.903038,-77.03482,71,08062019-12:52:58
c95e2b6d-86b0-4e73-8154-82cfe9b65f74,38.902989,-77.034782,68,08062019-12:52:58
c6d2c842-93d5-40a8-9c2a-2430215771f6,38.877297,-77.004952,99,08062019-12:52:58
311535aa-77cf-40f1-a359-00dda504260d,38.884953,-77.006047,67,08062019-12:52:58
5408e60b-41ac-4737-963a-6be00457afd3,38.919612,-77.030928,62,08062019-12:52:58
1a9bfb68-ad7b-43f4-bd06-1e775322f2d6,38.895534,-77.032905,67,08062019-12:52:58
6bb24945-2ffb-4f36-899d-feee22960088,38.89488,-77.023904,85,08062019-12:52:58
0ba8f0eb-880f-4073-a23f-5aac0702b6c4,38.911557,-77.024816,96,08062019-12:52:58
451d7205-51ca-46a6-8228-aa4484a0481c,38.892151,-77.026104,99,08062019-12:52:58
de8a0e98-e4c7-4cc0-91a3-4e0f18487961,38.918758,-77.019007,90,08062019-12:52:58
0efc3bec-0cfd-4871-96bf-cebcd788c024,38.905792,-77.05144,63,08062019-12:52:58
bcf0db1a-ae49-47b2-89a2-b0eada098f61,38.904066,-77.038473,75,08062019-12:52:58
6ae7cdd6-63b5-4d9d-81a0-e25558f22c22,38.906875,-77.041945,72,08062019-12:52:58
dfaa7ebd-f180-4eec-bc88-5ba52e51c7fe,38.909317,-77.064087,93,08062019-12:52:58
2cb752d1-e3eb-487b-8f9f-a03a0b08dec7,38.908421,-77.062309,89,08062019-12:52:58
6681a330-66e0-406e-82a2-04e0fb2faf2d,38.900505,-77.050352,96,08062019-12:52:58
96e72be5-b740-40e1-85fb-e6658fc9c66c,38.907895,-77.063701,89,08062019-12:52:58
c9c77fde-e915-4482-ab1d-07c9847b3ae7,38.894662,-77.021738,65,08062019-12:52:58
8e28c791-7fc8-40ef-a64e-81c849d9144c,38.895058,-77.022049,91,08062019-12:52:58
a02ed080-8b14-4f6a-9296-ec3801ec88cc,38.90582,-77.043823,75,08062019-12:52:58
22356731-c0c8-48b5-9fa1-0bcc964b6f02,38.90526,-77.044597,46,08062019-12:52:58
0ac23329-5655-496f-8a39-358d796efc5d,38.901665,-77.044218,85,08062019-12:52:58
a304b1ef-d473-4163-be73-8430164de224,38.899229,-77.044949,100,08062019-12:52:58
0e56c8ca-71e5-403e-87ce-12112e8bb57b,38.900576,-77.044887,100,08062019-12:52:58
34d6f3ba-a370-485b-bbe3-105d1ac32cba,38.89735,-77.022206,74,08062019-12:52:58
59c2f12c-5871-41bb-aa61-ada1285e6d68,38.8934,-77.021965,63,08062019-12:52:58
af7961ba-c11a-4063-a556-1c34b513c5cc,38.907124,-77.046276,83,08062019-12:52:58
cbd0d403-3a17-43fd-926f-b852d8035eac,38.908541,-77.045036,100,08062019-12:52:58
79d4f33c-b08d-4788-97e2-31d34dd76db7,38.907366,-77.041844,69,08062019-12:52:58
55b24341-52db-4d98-8f38-7f93d8b08531,38.899232,-77.019855,96,08062019-12:52:58
6e4be623-3e1c-44a2-962e-dda79878ba34,38.89226674870818,-77.01489726143004,100,08062019-12:52:58
7ba9bb57-ef21-42a0-9816-7c713310a875,38.888718,-77.022236,84,08062019-12:52:58
c006391e-9882-4d26-a955-e9796987ba90,38.887227,-77.017555,65,08062019-12:52:58
f00fff2e-ca5a-497d-96da-53738072c2df,38.903624,-77.017472,86,08062019-12:52:58
7919265e-8f98-4ae0-9b6e-c22f36285daa,38.899381,-77.021659,96,08062019-12:52:58
39acfe9c-3ad5-4034-98f4-2466b9ad3cef,38.899558,-77.022365,62,08062019-12:52:58
d39858c3-d688-4abf-8507-e908178757d4,38.89744,-77.020937,81,08062019-12:52:58
de97c253-6c20-4647-aae1-2873b7a29c64,38.886053,-77.019929,63,08062019-12:52:58
7fa63fb3-7629-4149-98bd-85035c4f72a2,38.887309,-77.020051,43,08062019-12:52:58
583bd09c-944e-4bbc-ad23-0abe4e7c8ce4,38.886092,-77.022094,98,08062019-12:52:58
b93daac3-41e2-49c8-a186-7fd47135a62f,38.892246,-77.031716,69,08062019-12:52:58
7af50c88-fe86-45da-ace0-33271ab516e1,38.879296,-77.023742,56,08062019-12:52:58
bb23408e-e3d1-4e56-ae64-399670119a75,38.951367,-77.09055,76,08062019-12:52:58
165900ac-6c63-4805-84b1-c29aa44e337d,38.878515,-77.007455,92,08062019-12:52:58
d36aa96d-9daf-4438-a3c4-f45755313af3,38.879778,-77.024126,100,08062019-12:52:58
aac85868-b191-47b4-86a9-a2d390745eab,38.898926,-77.048845,100,08062019-12:52:58
42e94040-7e3c-4209-a7da-e48c08997c39,38.900837,-77.050555,100,08062019-12:52:58
bdc60965-be38-4f44-a632-05bf5217bcf2,38.897298,-77.049877,100,08062019-12:52:58
38d01e3a-b68d-4a07-b182-81ef64af742f,38.899992,-77.040404,61,08062019-12:52:58
a0a60efe-15e4-4d99-aa78-3e84c154e918,38.893036,-76.998991,84,08062019-12:52:58
f27a0363-5e6c-401b-8347-0fd299cb98c2,38.917778,-77.042291,72,08062019-12:52:58
40c0ef42-6840-48e1-8276-22da724560c5,38.8948,-77.039582,73,08062019-12:52:58
88d976cf-f470-4367-a520-14178cb2fde5,38.907157,-77.039761,81,08062019-12:52:58
4dc844ca-da65-4264-87b9-5e973d60005d,38.907395,-77.042566,58,08062019-12:52:58
a7d96878-2a53-4764-84d1-aca9d311a2c0,38.897365,-77.041713,74,08062019-12:52:58
a444cb1d-057a-4e56-a4f8-bcb258492f24,38.901555,-77.040196,91,08062019-12:52:58
58a9c02f-e18d-4917-9322-1a882622ca48,38.901549,-77.040132,96,08062019-12:52:58
6852fdd7-24aa-4af0-9a17-97a775e4b981,38.901517,-77.040095,99,08062019-12:52:58
e40747d9-2cfb-4b28-9dbe-a598cd713edc,38.90505,-77.041563,97,08062019-12:52:58
2ce22346-5d10-494e-bf42-430d09d65294,38.90447,-77.040107,62,08062019-12:52:58
1e61d284-8839-4fd6-ba2c-7544b3d98b8b,38.912449,-77.040387,86,08062019-12:52:58
512c7779-f1b4-4fcc-98c9-1db5a77baf5e,38.901292,-77.038694,97,08062019-12:52:58
ed17c163-c00b-4fa1-86dc-845d8345b894,38.901308,-77.038686,58,08062019-12:52:58
214c3a4a-8417-400f-b744-5ef5f5b08ea4,38.901151,-77.03853,100,08062019-12:52:58
d6e94a6e-9c25-4dfe-92bc-294323451197,38.901274,-77.041891,58,08062019-12:52:58
7a3ee272-1af7-4771-a6be-a574d88b7d5e,38.915459,-77.041653,58,08062019-12:52:58
744d9c9e-6b31-4462-8bae-ba3e4ed1164a,38.897651,-77.042017,100,08062019-12:52:58
93b63341-ba1f-4fb2-af6c-59733d45e4fe,38.900038,-77.034015,98,08062019-12:52:58
081f928b-385c-4cfd-b5bf-5b80afef399e,38.900289,-77.033805,77,08062019-12:52:58
ea9b379e-288a-4b30-8df8-2f47827c2102,38.881528,-77.027387,89,08062019-12:52:58
c378d896-118b-40ff-94a9-9d701b2018f0,38.910038,-77.033787,83,08062019-12:52:58
8251c04b-8997-4537-9374-a2b2c9b6f1a0,38.919893,-77.039865,60,08062019-12:52:58
3ada6e0c-7502-46db-9d2b-924f17f5705a,38.899243,-77.041305,73,08062019-12:52:58
28e696e1-1343-4aac-8eaa-b7330983c28f,38.903921,-77.038326,66,08062019-12:52:58
9639e771-b593-4f3b-a73b-a425c8a32c32,38.902946,-77.040378,82,08062019-12:52:58
d4896809-b529-444a-89f8-30335f4cbe1e,38.915085,-76.983737,82,08062019-12:52:58
4e791bd4-457d-41c2-aba2-1edaa9bb1778,38.902573,-77.033312,100,08062019-12:52:58
4de38ab4-bae0-42af-a6cf-cc8a3976706d,38.907751,-77.037761,96,08062019-12:52:58
6586809b-8cdc-4fb4-8016-b132fd974d67,38.901852,-77.037026,81,08062019-12:52:58
4e48b20f-2540-4789-972e-c857c60ed032,38.893302,-77.044923,88,08062019-12:52:58
9a51718d-13ca-44e0-a387-322ac93a4727,38.879536,-77.023229,100,08062019-12:52:58
234bbcc7-0061-4dcd-ac05-fe5f9ad9e2c1,38.900499,-77.044749,94,08062019-12:52:58
ac79cf64-55a4-4fa7-b8de-9bd4947b5766,38.85666,-76.991266,87,08062019-12:52:58
13cb367e-bae4-4657-9414-1d58810126f9,38.90106134788515,-76.9984746090219,90,08062019-12:52:58
fb3a8db5-9afb-4403-b971-7c472a7b63c2,38.918473,-77.000671,78,08062019-12:52:58
5223aa90-83ba-4203-a5aa-35c9d574cd8e,38.892191,-77.032182,97,08062019-12:52:58
c724ef2b-36b6-4054-be81-afb8eda4fb49,38.897609,-77.042037,100,08062019-12:52:58
0eba92ca-26a5-4074-91b3-76f411e204e5,38.902649,-77.037395,60,08062019-12:52:58
4278a433-2592-4d84-9f08-6d9bbd6ee832,38.89894,-77.033449,70,08062019-12:52:58
5ac7fd0a-ae1a-456b-a3be-4dd1fa7cfb3d,38.883914,-76.995986,94,08062019-12:52:58
eaf3cde8-7934-4ec4-8400-c9508f3999aa,38.905421,-77.052632,96,08062019-12:52:58
b42f873a-8f4a-4ad8-bf5d-6d9fdd4a5e94,38.90488310720669,-77.05731237314367,100,08062019-12:52:58
92508841-4a59-4284-b89b-4d9fe185b6ee,38.908415,-77.060524,91,08062019-12:52:58
9b918709-83e3-4613-b722-4a823c881a8a,38.901464,-77.032697,100,08062019-12:52:58
c5ff50ba-260a-4534-9ddd-deb3a03980bd,38.899147,-77.04094,79,08062019-12:52:58
7cc01018-93b9-4b2b-96df-a46b40627434,38.903782,-77.031754,88,08062019-12:52:58
71e7c1ec-3cc8-4e8e-b03a-de1ae353d46c,38.904542,-77.034694,83,08062019-12:52:58
dca824c6-79c0-43df-a42e-635e158a951a,38.895208,-77.046217,96,08062019-12:52:58
3b7673aa-c3eb-4cd2-b2e9-ad1ab2692211,38.897328,-77.048099,85,08062019-12:52:58
e2dbb6be-9dd4-4c8a-85af-491ae252814e,38.904274,-77.046602,77,08062019-12:52:58
5318363d-0876-4970-92c1-c83fc3c76566,38.928832,-77.033344,86,08062019-12:52:58
507a0f3c-2afb-445d-ac15-2a878fbb08a1,38.907421,-77.050965,100,08062019-12:52:58
3abd99c3-5a49-4bb8-8713-e4dc999b4350,38.901351,-77.040173,80,08062019-12:52:58
9572c69d-83ec-4a6b-b4ab-cd2f285a0ff3,38.892759,-77.039389,84,08062019-12:52:58
474e956f-416d-43d1-a9c1-d913a556c1aa,38.88091,-77.027632,80,08062019-12:52:58
ab81aee1-ce4f-4043-92ed-7b44310aadaf,38.902261376839945,-77.02304234478356,89,08062019-12:52:58
272ac547-40a4-442a-8319-25dd35c17ce3,38.903507,-77.04632,100,08062019-12:52:58
0c12266a-7a03-4515-b457-f810eb50b465,38.903127,-77.050246,87,08062019-12:52:58
e0b24dc5-54af-4844-aa98-41424e1b7a55,38.906870395890614,-77.03578297125864,85,08062019-12:52:58
c76098dc-1f9b-4b3c-a402-96cd65bcb175,38.90763967358851,-77.0353808005834,46,08062019-12:52:58
458669b2-b1d1-457a-b55d-99698f147935,38.904244,-77.046574,100,08062019-12:52:58
a958cb7c-961c-40c1-9cac-0d9da11806e8,38.907539,-77.043828,86,08062019-12:52:58
1dc9d390-bf87-4736-8493-9a249afdc12b,38.896085,-77.045671,96,08062019-12:52:58
4693a7fd-1793-42e9-a3d2-cbf18c755962,38.89962,-77.051416,96,08062019-12:52:58
9daa02ed-7ae0-48a2-bd41-d0381f3decf7,38.902804,-77.046258,99,08062019-12:52:58
b2f0eb49-b8f4-4e38-b4a6-b2128d28dbf7,38.903816,-77.041787,43,08062019-12:52:58
05f3057f-abe6-4076-b54f-5175a1120443,38.90505,-77.064874,66,08062019-12:52:58
0043f639-6fd6-497b-b7dd-5d4034a29048,38.926635,-77.053224,86,08062019-12:52:58
cf50b3fd-ce7e-4825-a45d-dc8ebfa8eacd,38.912573,-77.018766,77,08062019-12:52:58
04b4556b-5191-4c26-abbe-e09103ee62ac,38.912896,-77.018264,44,08062019-12:52:58
